NTP,tRNA,Amino Acids,Creatine_Phosphate,Pyrophosphate,Creatine,TL Enzymes,Modelled Final Protein,Round #,Pred for Model #: 1,Pred for Model #: 2,Pred for Model #: 3,Pred for Model #: 4,Predicted Mean,StdDev
3000.0,5.0,600.0,5000.0,1.0,1.0,6.0,549.6516842970067,0,,,,,,
0.0,5.0,600.0,5000.0,1.0,1.0,6.0,0.0,0,,,,,,
3000.0,0.0,600.0,5000.0,1.0,1.0,6.0,176.88357124697166,0,,,,,,
3000.0,5.0,0.0,5000.0,1.0,1.0,6.0,1.0,0,,,,,,
3000.0,5.0,600.0,0.0,1.0,1.0,6.0,540.2612516460258,0,,,,,,
3000.0,5.0,600.0,5000.0,0.0,1.0,6.0,506.96398875530525,0,,,,,,
3000.0,5.0,600.0,5000.0,1.0,0.0,6.0,549.651626116714,0,,,,,,
3000.0,5.0,600.0,5000.0,1.0,1.0,0.0,0.0,0,,,,,,
0.0,0.0,0.0,0.0,0.0,0.0,0.0,0.0,0,,,,,,
3000.0,0.0,0.0,0.0,0.0,0.0,0.0,0.0,0,,,,,,
0.0,5.0,0.0,0.0,0.0,0.0,0.0,0.0,0,,,,,,
0.0,0.0,600.0,0.0,0.0,0.0,0.0,0.0,0,,,,,,
0.0,0.0,0.0,5000.0,0.0,0.0,0.0,0.0,0,,,,,,
0.0,0.0,0.0,0.0,1.0,0.0,0.0,0.0,0,,,,,,
0.0,0.0,0.0,0.0,0.0,1.0,0.0,0.0,0,,,,,,
0.0,0.0,0.0,0.0,0.0,0.0,6.0,0.0,0,,,,,,
2100.0,5.0,360.0,2500.0,0.1,0.4,3.6,305.4033610509794,0,,,,,,
900.0,3.0,300.0,2000.0,0.3,0.4,2.4000000000000004,161.34169580867874,0,,,,,,
600.0,3.5,180.0,1000.0,0.4,0.7,0.6000000000000001,43.43317687642497,0,,,,,,
2700.0,3.0,0.0,3500.0,0.8,0.5,2.4000000000000004,0.799999999999999,0,,,,,,
900.0,0.0,180.0,1500.0,0.1,0.2,4.800000000000001,16.69386706201918,0,,,,,,
2400.0,4.0,540.0,3500.0,0.8,0.1,2.4000000000000004,198.60127648096773,0,,,,,,
2400.0,1.0,540.0,2500.0,0.8,0.9,3.0,138.15908494467126,0,,,,,,
0.0,3.0,540.0,2500.0,1.0,0.9,1.7999999999999998,0.0,0,,,,,,
900.0,5.0,300.0,500.0,0.7,0.6,4.199999999999999,300.6999846260004,0,,,,,,
1200.0,4.0,120.0,2500.0,1.0,0.6,2.4000000000000004,121.00000000024257,0,,,,,,
3000.0,3.5,300.0,2500.0,0.4,0.2,0.0,0.0,0,,,,,,
900.0,5.0,540.0,2500.0,0.9,0.3,3.0,269.8417015749848,0,,,,,,
900.0,3.0,600.0,1000.0,1.0,0.4,0.0,0.0,0,,,,,,
0.0,1.0,0.0,2000.0,0.1,0.7,1.2000000000000002,0.0,0,,,,,,
2100.0,0.0,540.0,3500.0,1.0,0.4,0.0,0.0,0,,,,,,
1200.0,1.0,240.0,1500.0,0.3,1.0,2.4000000000000004,85.9708779931556,0,,,,,,
1800.0,1.0,0.0,500.0,0.2,0.9,5.4,0.1999999999999996,0,,,,,,
300.0,0.0,0.0,4500.0,0.7,0.3,0.6000000000000001,0.6999999996253025,0,,,,,,
1500.0,1.0,120.0,4500.0,0.4,0.2,4.199999999999999,120.3999999998846,0,,,,,,
900.0,4.5,480.0,1000.0,0.1,0.3,0.6000000000000001,47.57667800792893,0,,,,,,
300.0,2.0,600.0,4500.0,0.1,0.9,1.7999999999999998,91.90329979658604,0,,,,,,
600.0,4.0,540.0,2000.0,0.4,1.0,1.7999999999999998,140.65056054886173,0,,,,,,
2700.0,0.5,360.0,1500.0,0.4,0.2,1.7999999999999998,48.49088195506316,0,,,,,,
1500.0,4.0,300.0,1500.0,0.5,0.1,0.0,0.0,0,,,,,,
2100.0,5.0,240.0,3500.0,0.7,0.1,5.4,240.7000000222669,0,,,,,,
2400.0,0.5,540.0,3000.0,0.9,0.1,5.4,206.78772026482,0,,,,,,
900.0,2.5,120.0,2000.0,0.3,0.3,5.4,120.30000000012248,0,,,,,,
2100.0,0.5,60.0,2000.0,0.1,0.5,4.800000000000001,60.09999999998736,0,,,,,,
3000.0,0.0,540.0,4000.0,0.2,1.0,5.4,37.38224641109163,0,,,,,,
1500.0,3.5,120.0,0.0,0.0,0.0,6.0,120.00000000082817,0,,,,,,
1200.0,0.0,300.0,1500.0,0.7,0.6,4.199999999999999,90.47928752729548,0,,,,,,
0.0,1.5,60.0,2500.0,1.0,0.5,3.0,0.0,0,,,,,,
0.0,0.5,60.0,1000.0,0.9,0.0,2.4000000000000004,0.0,0,,,,,,
2400.0,1.0,480.0,2000.0,0.9,1.0,3.0,143.31103188072495,0,,,,,,
1200.0,4.0,0.0,5000.0,0.6,0.0,5.4,0.5999999999672642,0,,,,,,
2400.0,3.5,0.0,4000.0,0.2,0.7,0.6000000000000001,0.1999999999180556,0,,,,,,
300.0,3.0,360.0,1500.0,0.4,1.0,0.6000000000000001,40.450196594119454,0,,,,,,
1800.0,2.5,180.0,3000.0,0.4,0.0,0.0,0.0,0,,,,,,
1800.0,3.5,0.0,1000.0,0.4,1.0,2.4000000000000004,0.4,0,,,,,,
2400.0,1.5,420.0,1000.0,0.0,1.0,1.2000000000000002,48.21319253358055,0,,,,,,
1500.0,2.0,240.0,2500.0,0.0,0.3,4.800000000000001,236.7596268728641,0,,,,,,
1800.0,4.5,240.0,3000.0,0.1,0.6,4.199999999999999,240.10000000034296,0,,,,,,
0.0,3.0,600.0,4500.0,0.7,0.3,1.2000000000000002,0.0,0,,,,,,
1200.0,4.5,60.0,3500.0,0.4,0.9,4.800000000000001,60.40000000001477,0,,,,,,
600.0,3.5,540.0,3000.0,0.4,0.9,4.199999999999999,310.1253547090284,0,,,,,,
1500.0,5.0,300.0,1500.0,0.0,0.2,5.4,299.9999999994725,0,,,,,,
2100.0,4.0,540.0,500.0,0.3,0.3,6.0,460.9883679954911,0,,,,,,
0.0,3.0,180.0,2000.0,0.3,0.6,1.7999999999999998,0.0,0,,,,,,
2100.0,1.5,360.0,3500.0,1.0,0.8,1.2000000000000002,69.06237681545153,0,,,,,,
1500.0,3.5,300.0,0.0,0.8,0.1,5.4,300.8000000000007,0,,,,,,
3000.0,0.5,420.0,2000.0,0.5,0.9,4.800000000000001,141.03850656058168,0,,,,,,
1800.0,2.0,480.0,0.0,0.2,0.0,1.2000000000000002,62.065649526795255,0,,,,,,
2700.0,4.0,540.0,2000.0,0.9,0.5,1.2000000000000002,100.08938024403876,0,,,,,,
2100.0,3.0,0.0,5000.0,0.4,0.4,1.7999999999999998,0.4000000000563798,0,,,,,,
600.0,5.0,540.0,2500.0,0.5,0.1,2.4000000000000004,208.961755422448,0,,,,,,
1500.0,0.5,120.0,500.0,0.8,0.2,6.0,120.8000000004099,0,,,,,,
3000.0,5.0,60.0,3500.0,1.0,1.0,0.6000000000000001,54.95307258921196,0,,,,,,
3000.0,1.5,540.0,3500.0,1.0,0.7,4.199999999999999,241.83296002577487,0,,,,,,
1800.0,3.5,360.0,500.0,0.6,0.6,5.4,360.59999999245366,0,,,,,,
600.0,1.0,180.0,2500.0,0.4,0.2,3.6,136.5411621342361,0,,,,,,
300.0,1.0,480.0,3000.0,0.7,0.4,2.4000000000000004,105.13843372840748,0,,,,,,
2100.0,4.5,420.0,500.0,1.0,0.5,0.0,0.0,0,,,,,,
3000.0,1.0,420.0,500.0,0.5,0.0,5.4,216.451798606336,0,,,,,,
2400.0,5.0,60.0,1500.0,0.1,0.8,4.199999999999999,60.100000000025936,0,,,,,,
2100.0,1.0,540.0,1000.0,0.8,0.8,4.199999999999999,191.8235205079461,0,,,,,,
3000.0,0.0,480.0,2500.0,0.3,0.6,1.7999999999999998,18.303522786463592,0,,,,,,
2400.0,2.5,240.0,0.0,0.6,0.3,6.0,240.59999998455,0,,,,,,
1800.0,4.5,360.0,0.0,0.6,0.4,6.0,360.6000000002923,0,,,,,,
600.0,1.5,0.0,4000.0,0.1,0.9,5.4,0.1000000023257744,0,,,,,,
2100.0,1.0,60.0,3000.0,0.0,0.5,1.2000000000000002,35.32303439238235,0,,,,,,
3000.0,3.0,300.0,3500.0,0.8,0.6,3.6,264.9257625748088,0,,,,,,
1500.0,0.0,300.0,2000.0,0.6,0.7,3.0,56.88208140842448,0,,,,,,
0.0,4.0,0.0,4000.0,0.2,1.0,2.4000000000000004,0.0,0,,,,,,
2400.0,3.0,180.0,2500.0,0.2,0.3,1.7999999999999998,120.12502775213146,0,,,,,,
2100.0,4.5,300.0,500.0,0.4,0.7,0.6000000000000001,49.537310498999226,0,,,,,,
600.0,4.5,0.0,500.0,1.0,0.8,1.7999999999999998,0.9999999988644364,0,,,,,,
1800.0,1.0,120.0,500.0,0.3,0.3,3.6,120.299813808974,0,,,,,,
300.0,4.5,360.0,3000.0,0.6,0.5,3.0,252.2929143629804,0,,,,,,
300.0,1.5,600.0,3000.0,0.8,0.6,0.6000000000000001,32.394857640879906,0,,,,,,
2700.0,3.0,240.0,2000.0,0.9,0.6,0.6000000000000001,44.67061957545992,0,,,,,,
2400.0,1.0,540.0,3500.0,0.9,0.0,4.199999999999999,201.16978011364765,0,,,,,,
1800.0,0.5,420.0,1000.0,0.6,0.1,2.4000000000000004,75.52160738968266,0,,,,,,
900.0,1.0,300.0,2500.0,0.4,1.0,6.0,227.7561602967291,0,,,,,,
900.0,1.0,180.0,3000.0,0.8,0.2,5.4,180.8000000056018,0,,,,,,
2700.0,3.5,0.0,5000.0,0.0,0.7,6.0,0.0,1,0.0025211978,0.26510045,0.09014554,-0.0019972995,0.08894247,0.12486227
1800.0,5.0,60.0,4000.0,0.0,1.0,3.6,59.9999999996465,1,0.01491976,0.2593437,0.053771418,-0.014982991,0.07826297,0.123958655
2400.0,4.0,0.0,4500.0,0.4,0.6,6.0,0.4000000052427359,1,-0.0076631703,0.25175172,0.06290818,-0.0019385453,0.076264545,0.12128991
3000.0,3.0,300.0,5000.0,0.5,1.0,6.0,300.5000000075584,1,-0.03667401,0.24476992,0.09788221,0.0070897527,0.07826697,0.12434577
3000.0,4.5,120.0,5000.0,0.5,0.3,5.4,120.49999999709286,1,-0.021504283,0.24381424,0.090024546,0.010572756,0.08072682,0.118401505
2100.0,4.5,240.0,5000.0,0.7,0.8,6.0,240.69999999949863,1,-0.02883637,0.2426532,0.08733009,0.00910771,0.07756366,0.12021803
3000.0,5.0,120.0,3500.0,0.1,1.0,2.4000000000000004,120.09999999525957,1,0.0104624685,0.24107108,0.043246757,-0.012356129,0.07060604,0.11591208
300.0,4.5,0.0,4000.0,0.0,0.7,6.0,0.0,1,-0.03030876,0.23774481,0.09048266,-0.008547203,0.07234287,0.122157566
2700.0,5.0,60.0,3500.0,0.9,0.1,5.4,60.90000000003028,1,-0.016913429,0.23258418,0.070262745,0.0062064966,0.073034994,0.112576485
2100.0,3.5,0.0,4000.0,0.2,0.5,6.0,0.1999999986807694,1,-0.0022584633,0.23243397,0.066658035,-0.0037326436,0.07327522,0.11107182
1200.0,5.0,60.0,5000.0,0.3,0.6,1.7999999999999998,60.30000000386882,1,0.020647757,0.231082,0.05603857,-0.025628705,0.0705349,0.11213338
2400.0,3.5,60.0,4500.0,0.9,0.9,6.0,60.89999999992107,1,-0.02946964,0.2288309,0.07202941,0.007986436,0.069844276,0.11397539
1800.0,5.0,60.0,2500.0,0.3,0.8,6.0,60.29999999998035,1,0.0060187555,0.22618677,0.04711527,-0.0047300174,0.0686477,0.10737609
1500.0,4.5,180.0,4500.0,0.2,0.4,6.0,180.1999999999733,1,-0.011123244,0.2250369,0.08922452,-0.009223217,0.07347874,0.11137761
2400.0,3.0,60.0,5000.0,0.4,0.8,4.199999999999999,60.39999999999138,1,-0.017139157,0.2245412,0.05779109,0.0006584738,0.066462904,0.110126406
2100.0,5.0,60.0,4500.0,0.4,0.0,4.199999999999999,60.40000000029372,1,-0.0009037708,0.21806483,0.09417354,-0.007539671,0.07594874,0.10552369
2400.0,5.0,0.0,1000.0,0.7,0.5,5.4,0.7000000009226891,1,-0.014676161,0.2164979,0.031806894,-0.0016074196,0.058005303,0.107459344
2700.0,3.5,480.0,4500.0,0.1,0.6,4.199999999999999,300.3327072265687,1,0.0032137264,0.2125119,0.13681717,0.011791573,0.0910836,0.10139811
3000.0,5.0,300.0,4500.0,0.5,0.3,3.6,300.4982700048139,1,0.0044604274,0.21242076,0.1041391,0.006148879,0.08179229,0.09876794
3000.0,0.5,480.0,4500.0,0.3,0.8,5.4,132.27488161729403,1,-0.044262506,0.21231887,0.16376172,0.007545631,0.08484093,0.12263955
3000.0,3.5,0.0,5000.0,0.8,0.3,4.199999999999999,0.7999999968080589,1,-0.023511508,0.21170454,0.108992845,-0.008936747,0.072062284,0.11039175
600.0,4.5,60.0,4500.0,0.1,0.8,2.4000000000000004,60.09999999853732,1,0.008409426,0.21007288,0.052495673,-0.021257024,0.062430236,0.10298681
2700.0,3.5,540.0,4000.0,0.1,0.9,6.0,428.51422929937553,1,-0.011920188,0.20971414,0.13560027,0.015654365,0.087262146,0.10375592
3000.0,4.0,240.0,2000.0,0.0,0.9,4.199999999999999,240.0000000003409,1,0.0013484978,0.2087082,0.06849032,-0.010273583,0.06706836,0.10060606
3000.0,3.0,300.0,4000.0,0.1,0.8,3.6,236.547665005456,1,0.00813907,0.20848233,0.09493096,-0.00030140168,0.07781274,0.0971662
3000.0,3.5,180.0,3500.0,0.6,0.8,4.199999999999999,180.599999999724,1,-0.020369668,0.20828961,0.05271483,0.01012774,0.06269063,0.10158814
1500.0,5.0,60.0,3000.0,0.1,0.3,5.4,60.09999999541784,1,0.0131129455,0.20798898,0.052886613,-0.0145801585,0.064852096,0.0993609
2700.0,5.0,360.0,4000.0,0.0,0.5,0.0,0.0,1,0.016991945,0.20789158,0.09317424,-0.014771572,0.07582155,0.09901455
600.0,4.5,60.0,3500.0,0.8,1.0,5.4,60.79999999989055,1,-0.030747868,0.20785442,0.06900357,-0.0038435878,0.060566634,0.10685175
2100.0,5.0,0.0,1000.0,0.0,0.1,6.0,0.0,1,-0.010169962,0.20763487,0.063610464,-0.013148202,0.061981793,0.10338901
1200.0,4.5,120.0,5000.0,0.8,0.5,4.800000000000001,120.8000000001166,1,-0.018964436,0.20735842,0.097345546,-0.0061274427,0.06990302,0.10539629
2700.0,0.5,120.0,4000.0,0.0,0.8,5.4,87.60007653318793,1,-0.02124359,0.20728916,0.14466234,0.009742084,0.0851125,0.10872847
600.0,4.0,60.0,3500.0,0.0,0.7,4.199999999999999,60.0000000000297,1,-0.0041551837,0.20639917,0.047499005,-0.011999045,0.059435986,0.10146834
3000.0,3.0,240.0,5000.0,0.8,0.4,6.0,240.8000000002186,1,-0.044069383,0.2060777,0.08708781,-0.004451844,0.06116107,0.111132845
2400.0,4.0,540.0,5000.0,0.1,0.9,4.199999999999999,321.8496294055368,1,0.0028912458,0.20604646,0.12675838,-0.001387715,0.0835771,0.10098283
300.0,5.0,300.0,5000.0,0.1,0.9,4.800000000000001,300.100000000583,1,-0.019412164,0.20600823,0.0767335,-0.032383613,0.057736486,0.110180065
2400.0,5.0,180.0,5000.0,0.7,0.0,3.0,180.699999999972,1,0.0040362584,0.20585048,0.15063132,-0.00044596437,0.09001803,0.104351535
2100.0,5.0,60.0,3000.0,0.8,1.0,1.7999999999999998,60.79999999985833,1,0.020887796,0.20485383,0.051199462,-0.014337722,0.06565084,0.09658885
600.0,5.0,420.0,5000.0,0.0,0.6,5.4,419.9999990311918,1,0.014031734,0.2047184,0.0916396,-0.026453368,0.07098409,0.10173354
3000.0,3.5,240.0,4000.0,0.2,0.8,3.0,217.80028888400463,1,0.010321196,0.2042116,0.068686485,-0.0048499843,0.06959233,0.09518034
0.0,4.5,240.0,4500.0,0.0,0.7,6.0,0.0,1,-0.025080781,0.20355177,0.09059853,-0.017314926,0.062938645,0.10758744
300.0,5.0,120.0,4500.0,0.0,0.1,0.0,0.0,1,0.030512033,0.2034958,0.06992905,-0.030353155,0.068395935,0.09906378
3000.0,1.5,120.0,5000.0,0.1,0.8,3.0,120.09884266818192,1,-0.0054908157,0.20303328,0.10482777,0.00019605077,0.07564157,0.098919116
0.0,4.0,60.0,4000.0,0.1,0.6,4.800000000000001,0.0,1,-0.021884799,0.20167574,0.072735965,-0.015941143,0.05914644,0.10440863
3000.0,3.5,0.0,3000.0,0.7,0.3,4.199999999999999,0.7000000032744217,1,-0.019912686,0.2012276,0.04660048,-0.0008305226,0.05677122,0.10028206
2400.0,3.0,180.0,2000.0,0.1,0.8,5.4,180.1000000017225,1,-0.010017319,0.19926283,0.067585304,-0.0011951738,0.06390891,0.09667441
900.0,5.0,240.0,4500.0,1.0,0.2,5.4,241.0000000028832,1,-0.03669471,0.1987587,0.088707544,-0.016144447,0.058656774,0.10834932
2700.0,4.0,420.0,3000.0,0.5,0.9,5.4,420.4926697762682,1,-0.019969398,0.19778794,0.08067428,0.022582866,0.07026892,0.09449212
2700.0,1.5,420.0,3500.0,0.1,0.4,5.4,228.74350738197984,1,-0.029960647,0.19759022,0.16076155,0.019206898,0.08689951,0.10946327
2700.0,4.5,120.0,0.0,0.6,0.3,6.0,120.60000000030274,1,-0.034179777,0.19737759,0.018717606,0.018566187,0.050120402,0.101280145
2700.0,5.0,120.0,2500.0,0.8,0.6,3.6,120.79999999995196,1,-0.013050079,0.19622308,0.04497002,0.00017573117,0.057079688,0.09602738
1200.0,5.0,600.0,4500.0,0.0,0.6,4.800000000000001,403.9994188862176,1,0.0055914703,0.19609159,0.10832316,-0.012350063,0.07441404,0.09698765
2100.0,4.0,240.0,3000.0,0.1,0.8,4.199999999999999,240.10000000411924,1,0.0036267932,0.19549648,0.057119418,0.0037186043,0.06499033,0.09057872
1800.0,5.0,480.0,3000.0,0.8,1.0,6.0,480.799999998799,1,-0.02383478,0.19544582,0.07344242,0.01825682,0.06582757,0.09515109
2100.0,3.5,180.0,3500.0,0.8,0.8,4.199999999999999,180.7999999980509,1,-0.018197224,0.19449922,0.059830345,0.008024456,0.061039202,0.09469603
1200.0,3.5,180.0,5000.0,0.1,0.4,3.6,180.10000000254033,1,-0.0016056751,0.19359608,0.0822126,-0.013358128,0.06521122,0.095584795
2700.0,0.0,540.0,4500.0,0.3,0.6,4.800000000000001,48.80168413299584,1,-0.05789149,0.19353612,0.17865694,0.016435675,0.08268431,0.12335492
900.0,4.0,180.0,4000.0,0.1,0.7,3.6,180.0999999999011,1,-0.004148604,0.19329354,0.05477744,-0.015184397,0.057184495,0.09579574
2700.0,4.0,180.0,3000.0,0.6,0.7,3.0,180.6000000000153,1,-0.007288235,0.19276036,0.0425107,0.0068802973,0.058715783,0.09178599
0.0,5.0,180.0,3500.0,0.9,0.2,6.0,0.0,1,-0.007904885,0.19245525,0.074611455,-0.014788721,0.06109328,0.09653589
1800.0,5.0,120.0,3500.0,0.8,0.8,1.7999999999999998,120.799999862915,1,0.018436758,0.19145344,0.04297329,-0.023514904,0.05733715,0.09353038
2700.0,2.5,240.0,4000.0,0.2,0.3,5.4,240.19999999828607,1,-0.0166013,0.19121328,0.11929406,0.015861914,0.07744199,0.09544937
1800.0,2.0,180.0,5000.0,0.1,0.8,3.0,154.08122112482656,1,-0.018790789,0.19119984,0.08376822,-0.015990566,0.060046677,0.09960066
3000.0,5.0,360.0,4000.0,0.3,0.5,0.0,0.0,1,0.013210664,0.19066577,0.103385486,-0.008513657,0.07468706,0.09124394
2700.0,4.5,240.0,4000.0,0.2,0.4,0.6000000000000001,49.240103678041386,1,0.010535864,0.1904356,0.07579307,-0.006234003,0.06763264,0.08918797
1800.0,4.0,60.0,2500.0,0.0,0.7,3.0,59.9999999998702,1,0.0102263745,0.19029945,0.036905076,-0.0017408041,0.058922525,0.08906181
2400.0,5.0,480.0,4000.0,1.0,0.0,6.0,481.0000000000406,1,-0.02831262,0.19026731,0.094464175,0.019099634,0.06887962,0.09541824
900.0,5.0,0.0,2000.0,0.9,0.4,4.199999999999999,0.9000000000000006,1,-0.010280866,0.19013806,0.03863978,-0.018170014,0.05008174,0.09669305
2700.0,1.5,420.0,3500.0,0.1,0.8,5.4,228.7435162181361,1,-0.027214957,0.18977956,0.14638609,0.012733443,0.08042103,0.10404774
2400.0,5.0,240.0,1000.0,0.9,0.3,5.4,240.8999999994956,1,-0.028852861,0.18967971,0.03461515,0.03037671,0.056454673,0.09342254
2400.0,4.5,420.0,4500.0,1.0,0.0,6.0,421.0000000001052,1,-0.03588466,0.18947995,0.09156597,0.0073769647,0.06313455,0.099473976
1500.0,5.0,240.0,4000.0,0.4,0.6,0.0,0.0,1,0.029795619,0.18937398,0.05871899,-0.030691875,0.06179918,0.09285049
3000.0,4.0,540.0,5000.0,0.4,1.0,0.0,0.0,1,0.010944217,0.18920057,0.12361436,-0.010198166,0.07839024,0.094376944
2700.0,5.0,180.0,2000.0,0.0,0.7,0.6000000000000001,50.53137073591529,1,0.011714986,0.18901604,0.05374063,-0.016426269,0.05951135,0.09102341
2100.0,5.0,300.0,4000.0,0.6,0.3,3.0,266.3190184732955,1,0.00689529,0.18871999,0.08709748,0.0029428513,0.071413904,0.08728808
0.0,5.0,180.0,2500.0,0.2,0.7,6.0,0.0,1,-0.019864962,0.18830565,0.05939019,0.003981276,0.057953037,0.0930277
3000.0,3.5,420.0,4000.0,0.4,0.1,6.0,420.3999972997392,1,-0.01792336,0.188274,0.121957876,0.0252962,0.07940118,0.09320904
1200.0,3.5,600.0,5000.0,0.0,0.0,4.199999999999999,294.98542055381336,1,-0.02018197,0.18799852,0.11556286,-0.010216231,0.06829079,0.10092137
3000.0,5.0,420.0,2000.0,0.7,0.5,5.4,420.6999999993262,1,-0.013125084,0.18773443,0.06766009,0.035554845,0.06945607,0.08556077
2100.0,2.0,420.0,3500.0,0.0,1.0,6.0,297.2610228957987,1,-0.038108595,0.18767391,0.13820232,0.0073201517,0.07377195,0.106548935
2100.0,5.0,120.0,3000.0,0.5,0.6,0.0,0.0,1,0.010688065,0.18731087,0.042382617,-0.015920773,0.056115195,0.09065262
300.0,5.0,300.0,3500.0,0.3,0.6,5.4,300.2999999985395,1,-0.0071658143,0.18677992,0.06749147,-0.008178956,0.059731655,0.091812484
3000.0,5.0,480.0,4500.0,0.5,0.1,1.7999999999999998,158.9239169989337,1,0.010871634,0.186405,0.16699578,0.009904237,0.09354416,0.09634774
600.0,5.0,480.0,5000.0,0.0,0.2,4.199999999999999,353.0501964941292,1,0.0134323295,0.18609785,0.084534064,-0.020863064,0.065800294,0.091424644
0.0,4.5,60.0,4500.0,0.7,0.6,4.199999999999999,0.0,1,-0.022714414,0.18583219,0.08737734,-0.016033873,0.05861531,0.09865498
1200.0,4.0,60.0,4500.0,0.4,0.5,1.7999999999999998,60.399999997011655,1,0.0029442157,0.1856051,0.05973939,-0.02354803,0.056185164,0.09301278
600.0,4.5,60.0,3000.0,0.0,0.3,1.2000000000000002,59.99999981727894,1,0.027528852,0.18548247,0.046105333,-0.011602414,0.06187856,0.08584109
1500.0,4.0,180.0,4000.0,0.0,0.3,3.0,179.99999999963603,1,0.0135876965,0.18458371,0.07038087,-0.0057371967,0.06570377,0.08558468
2100.0,1.5,180.0,5000.0,0.2,1.0,2.4000000000000004,106.4686533498249,1,-0.031974807,0.18405491,0.08923569,-0.019453147,0.05546566,0.101545185
900.0,5.0,180.0,4500.0,0.7,0.8,2.4000000000000004,180.6999973113192,1,0.0060732006,0.18400723,0.06804626,-0.03125984,0.05671671,0.09422645
3000.0,0.5,600.0,5000.0,0.4,0.2,0.0,0.0,1,-0.06628886,0.17979577,0.22031033,0.01803575,0.087963246,0.13494755
2700.0,3.5,0.0,5000.0,0.0,0.7,6.0,0.0,1,0.0025211978,0.26510045,0.09014554,-0.0019972995,0.08894247,0.12486227
3000.0,3.0,300.0,5000.0,0.5,1.0,6.0,300.5000000075584,1,-0.03667401,0.24476992,0.09788221,0.0070897527,0.07826697,0.12434577
1800.0,5.0,60.0,4000.0,0.0,1.0,3.6,59.9999999996465,1,0.01491976,0.2593437,0.053771418,-0.014982991,0.07826297,0.123958655
2700.0,0.0,540.0,4500.0,0.3,0.6,4.800000000000001,48.80168413299584,1,-0.05789146,0.19353612,0.1786569,0.016435664,0.0826843,0.1233549
3000.0,0.5,480.0,4500.0,0.3,0.8,5.4,132.27488161729403,1,-0.04426248,0.21231887,0.16376181,0.0075456374,0.08484096,0.12263956
300.0,4.5,0.0,4000.0,0.0,0.7,6.0,0.0,1,-0.03030876,0.23774481,0.09048266,-0.008547203,0.07234287,0.122157566
900.0,0.0,240.0,4000.0,0.0,0.8,6.0,0.0,1,-0.08008312,0.14489593,0.17998596,0.003589524,0.062097073,0.12164398
2400.0,4.0,0.0,4500.0,0.4,0.6,6.0,0.4000000052427359,1,-0.0076631703,0.25175172,0.06290818,-0.0019385453,0.076264545,0.12128991
2100.0,4.5,240.0,5000.0,0.7,0.8,6.0,240.69999999949863,1,-0.02883637,0.2426532,0.08733009,0.00910771,0.07756366,0.12021803
2700.0,3.5,540.0,0.0,0.8,0.9,5.4,416.231570753417,2,0.0508475750684738,0.2792634665966034,0.1958824247121811,-0.0459434054791927,0.1200125142931938,0.1454215347766876
0.0,4.0,480.0,2000.0,0.9,0.7,6.0,0.0,2,0.014376813545823,0.2717797458171844,0.2065508216619491,-0.04725082218647,0.1113641411066055,0.1520514339208603
1800.0,5.0,480.0,1000.0,1.0,0.5,6.0,480.9999999995055,2,0.0212629977613687,0.2713521420955658,0.1911815553903579,-0.0391977094113826,0.111149750649929,0.1446304321289062
1800.0,3.0,360.0,1000.0,1.0,0.9,5.4,360.99999999439535,2,0.0184011999517679,0.2608940601348877,0.1681655198335647,-0.0395982414484024,0.1019656360149383,0.1374336332082748
2400.0,4.5,180.0,2500.0,0.8,1.0,4.199999999999999,180.8000000003012,2,0.0153820049017667,0.2628439366817474,0.0934947654604911,-0.0491799265146255,0.0806351900100708,0.1347532868385315
0.0,4.0,540.0,4000.0,0.7,1.0,4.800000000000001,0.0,2,-0.0238070171326398,0.2595520317554474,0.1754167675971985,-0.0760722979903221,0.0837723687291145,0.1596045345067978
2700.0,5.0,600.0,0.0,0.6,1.0,2.4000000000000004,210.3225358244869,2,0.0296082068234682,0.2567664384841919,0.1563346832990646,-0.0532473064959049,0.0973655059933662,0.1368226259946823
0.0,3.5,540.0,0.0,0.3,1.0,6.0,0.0,2,0.0532681047916412,0.2602886855602264,0.2376350313425064,-0.0570225901901721,0.1235423013567924,0.1519417315721511
1800.0,5.0,300.0,2500.0,0.9,0.9,5.4,300.8999999998922,2,0.0065605100244283,0.2572824656963348,0.1383251547813415,-0.0466887354850769,0.0888698473572731,0.1365767121315002
2700.0,2.5,120.0,1000.0,0.9,0.8,5.4,120.89999999999932,2,0.0261016432195901,0.2537219524383545,0.1137346923351287,-0.0495610758662223,0.0859993025660514,0.1302107125520706
0.0,3.5,300.0,500.0,1.0,0.9,5.4,0.0,2,0.0165267009288072,0.254835695028305,0.1740559488534927,-0.0457000620663166,0.0999295711517334,0.1386297941207885
600.0,2.5,600.0,4000.0,0.7,0.7,6.0,398.3751672398775,2,0.0058377562090754,0.2558367252349853,0.1774655133485794,-0.062778003513813,0.0940905064344406,0.1477717906236648
2400.0,4.5,540.0,0.0,0.5,0.9,5.4,444.7172489864663,2,0.0514913015067577,0.2535546720027923,0.1727422922849655,-0.0496546439826488,0.1070334091782569,0.1334443837404251
1500.0,5.0,480.0,3000.0,0.8,0.8,6.0,480.7999999993058,2,0.0169153772294521,0.2518254816532135,0.1712902784347534,-0.0544085688889026,0.0964056402444839,0.1400317400693893
3000.0,3.5,480.0,0.0,0.5,0.4,6.0,447.0222681087657,2,0.0537343546748161,0.2507328391075134,0.1412184536457061,-0.0342940464615821,0.1028479039669036,0.121877409517765
0.0,2.5,480.0,1500.0,0.6,0.9,5.4,0.0,2,0.0118205491453409,0.2484179139137268,0.2039058059453964,-0.0463421940803527,0.104450523853302,0.1436856836080551
1800.0,3.5,540.0,2000.0,0.9,0.7,4.800000000000001,377.9194480877028,2,0.0166553650051355,0.2431909441947937,0.1745088845491409,-0.0320175737142562,0.100584402680397,0.1296518743038177
1500.0,4.5,480.0,500.0,0.7,0.5,6.0,472.0012611348071,2,0.0356580093502998,0.2488960921764373,0.1680438369512558,-0.0412504822015762,0.102836862206459,0.1302042156457901
2700.0,4.5,420.0,1500.0,0.4,1.0,3.6,299.4556329084707,2,0.0321423262357711,0.2464492917060852,0.1141633614897728,-0.0480482056736946,0.0861767008900642,0.1257067918777465
2400.0,4.0,300.0,500.0,1.0,0.3,5.4,300.9999999977569,2,0.0227076467126607,0.2449375241994857,0.1483369767665863,-0.032502070069313,0.0958700180053711,0.1249080002307891
1500.0,3.5,60.0,500.0,1.0,0.7,5.4,61.00000000007902,2,0.0353212282061576,0.2452213764190673,0.1307400912046432,-0.0410156920552253,0.0925667583942413,0.1236688569188118
900.0,5.0,540.0,2500.0,0.3,0.8,6.0,513.4558430144228,2,0.0475428327918052,0.246955931186676,0.1649608761072158,-0.065691590309143,0.0984420180320739,0.1366402953863144
3000.0,2.0,180.0,1500.0,0.9,0.6,5.4,180.9000000260524,2,0.0145810786634683,0.2439457774162292,0.1137785390019416,-0.0494461804628372,0.0807148069143295,0.1278711706399917
3000.0,2.5,420.0,0.0,0.9,1.0,4.800000000000001,328.09847124445224,2,0.0443542003631591,0.2396500557661056,0.163256287574768,-0.0563813894987106,0.0977197885513305,0.1304278671741485
3000.0,4.5,120.0,500.0,0.6,0.1,6.0,120.60000000859108,2,0.0282208900898695,0.246501550078392,0.083489328622818,-0.0408180654048919,0.0793484225869178,0.1224898993968963
3000.0,5.0,540.0,1000.0,0.9,0.3,4.199999999999999,379.2027519277836,2,-0.0006068458314985,0.2364519834518432,0.1427273899316787,-0.0351935215294361,0.0858447477221489,0.1265468448400497
1500.0,4.5,60.0,500.0,0.8,1.0,3.6,60.8000000005769,2,0.0190371554344892,0.239412248134613,0.095005489885807,-0.0412658788263797,0.0780472531914711,0.1211666315793991
0.0,3.0,300.0,3000.0,0.9,1.0,5.4,0.0,2,-0.03203846514225,0.2418422996997833,0.1402565389871597,-0.0571927465498447,0.0732169076800346,0.1426116079092025
600.0,2.5,0.0,0.0,0.0,1.0,6.0,0.0,2,0.0280994325876235,0.2444202899932861,0.1044197753071785,-0.0598352141678333,0.0792760625481605,0.1289390176534652
2100.0,5.0,60.0,5000.0,0.3,1.0,3.0,60.299999992986365,2,0.0290393214672803,0.2374162971973419,0.0854563787579536,-0.0826200246810913,0.0673229917883873,0.1331779509782791
2700.0,5.0,360.0,5000.0,0.5,0.9,6.0,360.4999999931181,2,0.0358038209378719,0.2420849502086639,0.1028055921196937,-0.0761639103293418,0.0761326104402542,0.133006602525711
1500.0,5.0,180.0,5000.0,0.3,0.9,5.4,180.3000000000024,2,0.0193419735878705,0.2399966418743133,0.0677179992198944,-0.088700458407402,0.0595890395343303,0.1368972659111023
0.0,2.5,480.0,1000.0,0.5,1.0,4.800000000000001,0.0,2,0.0157799366861581,0.235578715801239,0.2108315676450729,-0.0484300330281257,0.1034400463104248,0.1411174237728119
1800.0,4.5,360.0,2500.0,0.1,1.0,4.199999999999999,338.80946283999987,2,0.0260949023067951,0.2346402108669281,0.1017580181360244,-0.0557980611920356,0.0766737759113311,0.1234093755483627
600.0,1.0,420.0,5000.0,0.9,0.9,6.0,286.2594448994888,2,-0.0444228537380695,0.2390919923782348,0.1443729400634765,-0.0679050907492637,0.0677842423319816,0.1485644727945327
2700.0,5.0,0.0,0.0,0.3,0.7,4.800000000000001,0.3000000000816193,2,0.037686787545681,0.2347530871629715,0.0552059821784496,-0.0462894588708877,0.070339098572731,0.1182220578193664
0.0,5.0,300.0,4500.0,0.9,0.6,5.4,0.0,2,-0.001588657265529,0.2363992482423782,0.1512452960014343,-0.0674507990479469,0.0796512737870216,0.1389659196138382
600.0,1.0,480.0,500.0,0.8,1.0,6.0,224.38538372122588,2,0.0163959730416536,0.2381417155265808,0.2259531617164611,-0.046034038066864,0.1086142063140869,0.1448747515678405
2100.0,5.0,420.0,4500.0,0.7,1.0,4.199999999999999,375.85681730839286,2,0.0067619383335113,0.2377587556838989,0.129882276058197,-0.0624633058905601,0.0779849141836166,0.1329403817653656
2400.0,3.5,540.0,4500.0,0.5,1.0,6.0,453.40326846613056,2,0.0243798047304153,0.2376071810722351,0.1692258566617965,-0.073492094874382,0.0894301831722259,0.140355497598648
1800.0,5.0,600.0,5000.0,0.6,0.8,5.4,479.3836421993039,2,0.0265140645205974,0.2352915406227111,0.1579557806253433,-0.0727705284953117,0.0867477059364318,0.1368819624185562
3000.0,4.0,300.0,2000.0,0.3,1.0,5.4,300.3000000116953,2,0.048592422157526,0.2355589866638183,0.0786615684628486,-0.05451600253582,0.0770742446184158,0.1200654506683349
2100.0,5.0,240.0,0.0,0.2,0.9,4.199999999999999,240.200000000452,2,0.0478132739663124,0.2336960434913635,0.0747597143054008,-0.043901901692152,0.0780917853116989,0.1155032962560653
2700.0,2.0,480.0,3500.0,0.8,1.0,6.0,370.2240195604078,2,-0.0037882456090301,0.2338252961635589,0.1686829030513763,-0.0605954006314277,0.0845311433076858,0.1393225193023681
1500.0,4.0,180.0,2000.0,0.4,1.0,4.800000000000001,180.3999999767877,2,0.0221799779683351,0.231620967388153,0.0896570160984993,-0.0525842681527137,0.0727184265851974,0.1208191961050033
300.0,5.0,240.0,2500.0,1.0,1.0,3.0,240.9999767188328,2,-0.0304285604506731,0.2323891520500183,0.1058073118329048,-0.0593724846839904,0.062098853290081,0.134444311261177
3000.0,3.0,600.0,3000.0,0.9,1.0,1.7999999999999998,134.30446353260567,2,-0.0242481995373964,0.2377713322639465,0.1423028707504272,-0.0222670286893844,0.0833897441625595,0.129168763756752
1500.0,4.5,300.0,3000.0,0.0,1.0,4.800000000000001,299.999999999979,2,0.031097749248147,0.2299166023731231,0.0882718935608863,-0.0651122257113456,0.0710434988141059,0.1233849301934242
3000.0,3.0,120.0,4000.0,1.0,0.6,5.4,121.00000000002184,2,0.0060150306671857,0.2293792963027954,0.0907262712717056,-0.0419928357005119,0.0710319429636001,0.1189727559685707
1800.0,5.0,540.0,3500.0,1.0,0.8,3.6,328.5864502919939,2,-0.0178789943456649,0.2225793749094009,0.1410782635211944,-0.0505894422531127,0.0737973004579544,0.1297939866781234
300.0,4.5,120.0,3500.0,0.5,1.0,5.4,120.49999999990234,2,-0.0066204126924276,0.229240670800209,0.0893334820866584,-0.0717967972159385,0.0600392371416091,0.1307816505432129
2400.0,4.5,120.0,1000.0,1.0,0.1,4.800000000000001,120.99999999998252,2,0.0221999455243349,0.2251761555671692,0.1151747778058052,-0.0217005461454391,0.0852125883102417,0.1093748062849044
600.0,3.5,480.0,3000.0,0.9,1.0,3.0,235.83112685076625,2,-0.0404736287891864,0.2234910428524017,0.1452439874410629,-0.055285520851612,0.0682439729571342,0.1379730701446533
2400.0,5.0,120.0,500.0,0.6,0.8,2.4000000000000004,120.60000000009828,2,0.0136240664869546,0.2345851510763168,0.0819748267531395,-0.0370015203952789,0.0732956305146217,0.1180618405342102
2100.0,3.5,0.0,3500.0,0.2,1.0,4.800000000000001,0.2000000000128898,2,0.0220419075340032,0.2310267835855484,0.048599723726511,-0.0781881213188171,0.0558700710535049,0.1289039403200149
0.0,4.0,300.0,1000.0,0.3,1.0,4.199999999999999,0.0,2,0.0250576455146074,0.2213230580091476,0.1300842612981796,-0.0637725368142128,0.0781731083989143,0.1240382939577102
1200.0,4.5,180.0,2500.0,0.7,1.0,4.199999999999999,180.70000000580345,2,-0.0035926268901675,0.2303761541843414,0.0957986637949943,-0.0564500167965889,0.0665330439805984,0.1261526644229889
600.0,1.5,420.0,3500.0,0.8,0.9,5.4,292.113724485996,2,-0.026552865281701,0.2288478314876556,0.1613377928733825,-0.0481367334723472,0.0788739994168281,0.1372819244861602
3000.0,2.0,180.0,3500.0,0.8,0.7,6.0,180.8000000001633,2,-0.0021233910229057,0.2303030639886856,0.1035876050591468,-0.050872802734375,0.0702236220240593,0.1246822848916053
3000.0,4.5,0.0,2000.0,0.6,1.0,2.4000000000000004,0.5999999999999638,2,0.0378762520849704,0.2336788773536682,0.0637833178043365,-0.0534558296203613,0.0704706534743309,0.1198635548353195
600.0,0.0,540.0,5000.0,1.0,0.6,5.4,158.2817742058943,2,-0.0369629561901092,0.2278111577033996,0.1309897899627685,-0.0418917760252952,0.0699865520000457,0.1323945671319961
1200.0,2.5,180.0,500.0,0.7,0.9,6.0,180.70000000056325,2,0.0290840696543455,0.2293349206447601,0.1483788341283798,-0.0445662066340446,0.0905579030513763,0.1219834387302398
2100.0,4.5,360.0,1500.0,0.0,0.9,4.800000000000001,359.99991017678946,2,0.040488813072443,0.2260206788778305,0.0814830437302589,-0.0478605404496192,0.075033001601696,0.1142147183418273
1500.0,3.5,540.0,3000.0,0.7,0.6,6.0,462.3508864608905,2,0.0229551251977682,0.2283461242914199,0.1612193435430526,-0.0474326163530349,0.0912719964981079,0.1259472221136093
3000.0,2.5,360.0,5000.0,0.6,1.0,1.2000000000000002,78.99426688839782,2,-0.020450746640563,0.223249465227127,0.1290019154548645,-0.0334176793694496,0.0745957419276237,0.1235026270151138
3000.0,1.5,540.0,1500.0,0.6,0.8,5.4,276.04806366107374,2,0.0404981784522533,0.2249351888895034,0.1630006730556488,-0.0444447249174118,0.0959973335266113,0.1209938675165176
2100.0,4.5,600.0,2000.0,0.9,0.2,4.800000000000001,416.8830175742577,2,0.0101805562153458,0.2224030047655105,0.1561647653579712,-0.035266239196062,0.0883705243468284,0.1210516244173049
1200.0,3.5,180.0,1000.0,1.0,0.9,3.0,180.99999999771785,2,-0.0055817272514104,0.2190604954957962,0.1088051199913024,-0.0375526025891304,0.0711828246712684,0.1169037073850631
3000.0,4.0,60.0,3000.0,0.9,0.2,5.4,60.90000000002865,2,0.020475985482335,0.2241036891937255,0.0935739800333976,-0.0320752263069152,0.0765196084976196,0.111064001917839
300.0,4.5,180.0,4500.0,1.0,1.0,6.0,180.99999998692945,2,-0.0218894984573125,0.2267685383558273,0.1179107949137687,-0.0716169998049736,0.0627932101488113,0.1356012821197509
2100.0,1.0,240.0,1500.0,1.0,1.0,5.4,240.9999999898812,2,-0.0154806468635797,0.2228563129901886,0.1402205675840377,-0.0487835928797721,0.0747031569480896,0.1286130994558334
2100.0,5.0,60.0,1000.0,0.3,0.8,1.2000000000000002,60.299999966243455,2,0.0195223707705736,0.2420074790716171,0.0774376168847084,-0.0524034202098846,0.0716410130262374,0.1253816932439804
300.0,4.0,540.0,2000.0,1.0,1.0,1.7999999999999998,148.81988246582827,2,-0.0311315041035413,0.2110809087753296,0.1398490220308303,-0.0558302924036979,0.0659920275211334,0.1301016211509704
1800.0,4.5,360.0,2000.0,0.8,0.5,4.800000000000001,360.7999999989519,2,0.0093258880078792,0.2217059433460235,0.1414114981889724,-0.0285151600837707,0.0859820395708084,0.1161596253514289
2400.0,3.0,540.0,500.0,0.3,0.0,6.0,402.2526022959608,2,0.0555609203875064,0.2261607646942138,0.1190918684005737,-0.038293033838272,0.0906301289796829,0.1111000403761863
300.0,1.0,600.0,4500.0,0.8,0.6,4.800000000000001,219.9209541156596,2,-0.0179365295916795,0.2219776362180709,0.1380671709775924,-0.0502464994788169,0.0729654431343078,0.1289537698030471
300.0,5.0,420.0,5000.0,0.7,0.2,4.800000000000001,420.538061674486,2,0.0126463789492845,0.2221278250217437,0.1389763206243515,-0.061959758400917,0.0779476910829544,0.126952439546585
3000.0,3.0,600.0,500.0,0.9,0.6,3.0,222.093276467045,2,0.0098822023719549,0.1986974030733108,0.1471907645463943,-0.0322108343243598,0.080889880657196,0.1097091287374496
3000.0,3.5,120.0,1000.0,0.5,0.7,5.4,120.50000000014724,2,0.039641797542572,0.2231224477291107,0.0759916380047798,-0.044471226632595,0.0735711604356765,0.1117387637495994
1500.0,3.5,180.0,2000.0,0.3,1.0,3.6,180.30000000011609,2,0.0121341627091169,0.2234269678592682,0.0865565985441207,-0.0515543296933174,0.0676408559083938,0.118202656507492
2100.0,3.5,600.0,3500.0,0.9,0.9,3.0,237.74979012084464,2,-0.0273117776960134,0.2173476815223693,0.1503227949142456,-0.044301226735115,0.0740143656730651,0.1299140453338623
2100.0,5.0,360.0,500.0,0.0,1.0,2.4000000000000004,199.6149024467537,2,0.0263333786278963,0.2116913944482803,0.081692174077034,-0.061080165207386,0.0646591931581497,0.1142917945981025
900.0,5.0,120.0,4000.0,0.9,0.8,6.0,120.90000000012792,2,0.0015453475061804,0.2229087352752685,0.1132849752902984,-0.0600878968834877,0.0694127902388572,0.1249829232692718
2100.0,5.0,180.0,2500.0,0.7,0.3,6.0,180.7000000002573,2,0.031172877177596,0.2228725701570511,0.1044865995645523,-0.0387558117508888,0.0799440667033195,0.1118021756410598
2100.0,4.5,420.0,500.0,0.5,0.4,5.4,420.499975795694,2,0.0336072295904159,0.2209475636482238,0.1239504367113113,-0.0370053611695766,0.085374966263771,0.1118404194712638
1200.0,4.0,600.0,2500.0,0.0,1.0,3.6,269.96071163960454,2,0.0314864329993724,0.2164525091648101,0.152847021818161,-0.0610232055187225,0.0849406942725181,0.1239212751388549
2700.0,2.5,180.0,500.0,0.9,0.3,4.800000000000001,180.9000000083209,2,0.0284224543720483,0.2169347405433654,0.118526317179203,-0.0319352373480796,0.0829870700836181,0.1086116209626197
1800.0,3.5,0.0,2000.0,0.2,1.0,1.7999999999999998,0.1999999999999873,2,0.0169416014105081,0.2159453630447387,0.0742430314421653,-0.0690335184335708,0.0595241226255893,0.1197561249136924
2400.0,3.5,0.0,2000.0,0.9,0.8,4.199999999999999,0.9000000009103487,2,0.0167325679212808,0.2129473239183426,0.0716060549020767,-0.0369863212108612,0.0660749077796936,0.1074839308857917
2400.0,3.5,60.0,0.0,0.7,0.9,4.199999999999999,60.69999999974221,2,0.0383396632969379,0.2159955501556396,0.0937068909406662,-0.0484016276895999,0.0749101266264915,0.1107573956251144
0.0,4.0,540.0,4000.0,0.7,1.0,4.800000000000001,0.0,2,-0.0238070171326398,0.2595520317554474,0.1754167675971985,-0.0760722979903221,0.0837723687291145,0.1596045345067978
0.0,4.0,480.0,2000.0,0.9,0.7,6.0,0.0,2,0.014376813545823,0.2717797458171844,0.2065508216619491,-0.04725082218647,0.1113641411066055,0.1520514339208603
0.0,3.5,540.0,0.0,0.3,1.0,6.0,0.0,2,0.0532681047916412,0.2602886855602264,0.2376350313425064,-0.0570225901901721,0.1235423013567924,0.1519417315721511
600.0,1.0,420.0,5000.0,0.9,0.9,6.0,286.2594448994888,2,-0.0444228537380695,0.2390919923782348,0.1443729400634765,-0.0679050907492637,0.0677842423319816,0.1485644727945327
600.0,2.5,600.0,4000.0,0.7,0.7,6.0,398.3751672398775,2,0.0058377375826239,0.2558367252349853,0.1774655133485794,-0.0627779588103294,0.09409049898386,0.1477717757225036
2700.0,3.5,540.0,0.0,0.8,0.9,5.4,416.231570753417,2,0.050847589969635,0.2792635262012481,0.1958824545145034,-0.0459434017539024,0.1200125440955162,0.1454215496778488
600.0,1.0,480.0,500.0,0.8,1.0,6.0,224.38538372122588,2,0.0163959730416536,0.2381417155265808,0.2259531617164611,-0.046034038066864,0.1086142063140869,0.1448747515678405
1800.0,5.0,480.0,1000.0,1.0,0.5,6.0,480.9999999995055,2,0.0212629977613687,0.2713521420955658,0.1911815553903579,-0.0391977094113826,0.111149750649929,0.1446304321289062
0.0,2.5,480.0,1500.0,0.6,0.9,5.4,0.0,2,0.0118205491453409,0.2484179139137268,0.2039058059453964,-0.0463421940803527,0.104450523853302,0.1436856836080551
0.0,2.5,480.0,1000.0,0.5,1.0,4.800000000000001,0.0,2,0.0157799366861581,0.235578715801239,0.2108315676450729,-0.0484300330281257,0.1034400463104248,0.1411174237728119
3000.0,1.5,120.0,4500.0,0.1,1.0,6.0,120.10000000000336,3,-0.1899500489234924,0.0213871486485004,0.2600394189357757,0.0679796114563942,0.039864033460617,0.1847733706235885
2700.0,4.0,0.0,5000.0,0.4,1.0,6.0,0.3999999999999998,3,-0.2069342583417892,0.0194145888090133,0.2432606220245361,0.0665579140186309,0.0305747166275978,0.1853511482477188
2400.0,2.0,180.0,4500.0,0.3,0.9,4.800000000000001,180.30000000230973,3,-0.1590341031551361,0.0281032305210828,0.2374520450830459,0.0639380440115928,0.0426148027181625,0.1625721305608749
2100.0,1.5,0.0,4500.0,0.3,0.8,6.0,0.2999999968474903,3,-0.1857886910438537,0.0235616713762283,0.2337682694196701,0.0558941215276718,0.0318588428199291,0.1720314025878906
2400.0,0.0,0.0,5000.0,0.9,0.9,6.0,0.9000000013337667,3,-0.2093609720468521,0.0325058549642562,0.2305866181850433,0.0656602531671524,0.0298479385673999,0.1814814209938049
2700.0,2.5,180.0,4500.0,0.8,0.8,5.4,180.80000000199317,3,-0.2048046737909317,0.0389139130711555,0.2241790443658828,0.0702757015824318,0.0321410000324249,0.1775030493736267
3000.0,0.0,540.0,5000.0,0.9,1.0,4.199999999999999,113.6690317968106,3,-0.1924187541007995,0.0529233813285827,0.2249469459056854,0.0754805728793144,0.0402330383658409,0.1728675067424774
3000.0,2.5,360.0,4500.0,0.3,0.8,6.0,360.2977856847266,3,-0.1949960738420486,0.0520297028124332,0.2193493694067001,0.0673730224370956,0.0359390042722225,0.1714811772108078
1200.0,3.0,60.0,5000.0,0.7,1.0,4.199999999999999,60.69999999993573,3,-0.1237710192799568,0.0203945431858301,0.2219819575548172,0.0560451969504356,0.0436626672744751,0.1420405358076095
1800.0,0.0,300.0,3500.0,0.7,1.0,4.199999999999999,91.51353515575474,3,-0.0998116284608841,0.0209285225719213,0.2155368477106094,0.0622136369347572,0.0497168451547622,0.1301793307065963
2400.0,3.0,120.0,4500.0,0.3,0.8,4.800000000000001,120.29999999997656,3,-0.1624912172555923,0.0289755817502737,0.2167631089687347,0.0608249716460704,0.0360181108117103,0.1557130813598632
3000.0,1.5,120.0,5000.0,0.2,0.5,4.800000000000001,120.20000000020596,3,-0.2259427160024643,0.0468631461262702,0.2174199074506759,0.0497874990105629,0.0220319610089063,0.1835346072912216
1800.0,4.5,0.0,5000.0,0.8,1.0,2.4000000000000004,0.7999999999998408,3,-0.1167284548282623,0.0337833017110824,0.2171317785978317,0.038837980479002,0.043256152421236,0.1365492045879364
300.0,2.5,60.0,4000.0,1.0,0.8,5.4,61.00000000000569,3,-0.1315882951021194,0.0147402714937925,0.2140368372201919,0.0648968368768692,0.0405214130878448,0.1425811797380447
2400.0,2.5,360.0,4500.0,0.4,1.0,4.199999999999999,265.11578647403053,3,-0.1465266197919845,0.0440041497349739,0.208971157670021,0.0695043355226516,0.0439882576465606,0.1462490409612655
2700.0,2.5,120.0,5000.0,1.0,0.6,6.0,121.00000000015676,3,-0.2676773071289062,0.0360605344176292,0.2129369378089904,0.0559944584965705,0.0093286577612161,0.2008987516164779
3000.0,1.0,240.0,4000.0,0.5,0.8,4.199999999999999,169.90954966696555,3,-0.1748590767383575,0.0449643954634666,0.2075888514518737,0.0581750124692916,0.0339672975242137,0.1575434803962707
2700.0,2.0,0.0,5000.0,0.4,0.7,4.800000000000001,0.3999999999999995,3,-0.1977487653493881,0.0289529114961624,0.2106350213289261,0.0513265430927276,0.023291427642107,0.1681015640497207
2700.0,3.5,480.0,5000.0,1.0,0.9,4.800000000000001,385.5805333622608,3,-0.2023076862096786,0.0666113793849945,0.2103742957115173,0.073194533586502,0.0369681306183338,0.1727364957332611
2100.0,3.5,60.0,3000.0,0.5,0.8,6.0,60.499999999069296,3,-0.1726530939340591,0.0299628246575593,0.201091006398201,0.0706739053130149,0.0322686582803726,0.1548915654420852
2700.0,2.0,240.0,5000.0,0.8,0.8,2.4000000000000004,148.5547559248381,3,-0.1569085717201233,0.0445169731974601,0.2087704241275787,0.0454200953245162,0.0354497283697128,0.1496923565864563
1800.0,0.5,300.0,4500.0,0.6,0.9,4.199999999999999,133.51973014071646,3,-0.1360329240560531,0.0218983087688684,0.204788401722908,0.0658263191580772,0.0391200259327888,0.1403975039720535
0.0,0.5,300.0,4500.0,0.9,1.0,5.4,0.0,3,-0.1125137209892273,0.017831290140748,0.2040570527315139,0.070015825331211,0.0448476113379001,0.1309879869222641
2100.0,0.0,120.0,4000.0,0.9,0.8,4.800000000000001,120.89999571641634,3,-0.1647493541240692,0.0346344523131847,0.2014430612325668,0.0662365779280662,0.0343911871314048,0.1511924564838409
300.0,1.5,120.0,4500.0,0.2,0.8,6.0,120.19999999961126,3,-0.1222297847270965,0.007987743243575,0.2007145881652832,0.046528585255146,0.0332502834498882,0.1329572051763534
2700.0,0.5,480.0,4500.0,0.7,0.9,3.6,122.8573090212672,3,-0.1705035418272018,0.0495535284280777,0.2016452550888061,0.0664249882102012,0.0367800593376159,0.1540443748235702
1200.0,1.5,0.0,5000.0,0.6,0.8,3.6,0.5999999999999995,3,-0.1220852509140968,0.0177312921732664,0.2026876211166381,0.047327484935522,0.0364152863621711,0.1332129538059234
1800.0,2.0,0.0,5000.0,0.4,1.0,2.4000000000000004,0.3999999999999791,3,-0.1067433208227157,0.0163604728877544,0.2022816091775894,0.0493588894605636,0.0403144136071205,0.1271677911281585
2100.0,4.5,60.0,5000.0,0.4,0.6,6.0,60.399999999990186,3,-0.2240940630435943,0.0183662194758653,0.2016565203666687,0.0550613552331924,0.0127475075423717,0.1766376495361328
1200.0,0.0,60.0,5000.0,0.6,0.8,3.6,60.59999992006884,3,-0.1368672847747802,0.021864490583539,0.2009446769952774,0.047328133136034,0.0333175025880336,0.1383102834224701
3000.0,0.0,0.0,4500.0,0.1,0.8,4.199999999999999,0.1000000002262821,3,-0.1833305954933166,0.0276325996965169,0.1990894228219986,0.0514603778719902,0.0237129498273134,0.1574899107217788
2400.0,3.0,480.0,4500.0,1.0,0.9,4.199999999999999,317.5835794565846,3,-0.1762734651565551,0.0641125962138176,0.198118969798088,0.0699281841516494,0.0389715731143951,0.1562569439411163
3000.0,2.5,60.0,4500.0,0.7,0.9,1.7999999999999998,60.70000000279988,3,-0.1304653137922287,0.0341762825846672,0.1973394751548767,0.0297142136842012,0.0326911658048629,0.1338409185409546
2700.0,2.0,60.0,4500.0,0.0,0.6,5.4,60.00000000074416,3,-0.1929287314414978,0.0190687961876392,0.1971944123506546,0.0521071404218673,0.0188604034483432,0.1610000431537628
900.0,0.0,180.0,2500.0,0.7,0.9,4.199999999999999,90.8284068122654,3,-0.0736007839441299,0.0080119185149669,0.1859887540340423,0.0506878420710563,0.0427719354629516,0.1085120365023613
1800.0,4.5,180.0,4500.0,0.9,0.7,5.4,180.90000000051904,3,-0.2104471772909164,0.0356555767357349,0.1949818432331085,0.0657112374901771,0.0214753691107034,0.1693619936704635
2400.0,1.0,240.0,2000.0,0.2,0.9,5.4,183.11096349882544,3,-0.130014106631279,0.0280373133718967,0.1725689023733139,0.0509612448513507,0.0303883366286754,0.1243289038538932
2100.0,3.5,300.0,5000.0,1.0,0.8,1.7999999999999998,144.589526886678,3,-0.1384709626436233,0.0562149584293365,0.1963935643434524,0.0364393927156925,0.0376442372798919,0.137312576174736
2400.0,0.5,300.0,4000.0,0.8,0.9,0.6000000000000001,21.80381387570533,3,-0.1022505760192871,0.0381594225764274,0.1932621598243713,0.0511952713131904,0.0450915694236755,0.1207608431577682
2100.0,0.0,360.0,3000.0,0.2,0.8,4.800000000000001,33.13259967092762,3,-0.1359764784574508,0.0185363888740539,0.1793341487646103,0.04667329788208,0.0271418392658233,0.1293903887271881
900.0,0.0,60.0,3500.0,0.3,0.8,4.199999999999999,42.36895017253083,3,-0.1066836714744567,0.0093265660107135,0.1898050010204315,0.04666069149971,0.034777145832777,0.122248038649559
2100.0,1.0,180.0,2500.0,0.6,0.9,4.800000000000001,180.59999999496148,3,-0.1058066189289093,0.0292945746332407,0.1779897361993789,0.0625492855906486,0.0410067439079284,0.1167900636792182
600.0,0.0,60.0,2500.0,0.8,1.0,1.7999999999999998,43.57153578053058,3,-0.0558797754347324,-0.001436349004507,0.1805583089590072,0.0310644973069429,0.0385766699910163,0.1012229919433593
3000.0,2.5,480.0,4500.0,0.5,0.8,6.0,386.5669414647042,3,-0.2134642750024795,0.0636019110679626,0.1912786215543747,0.069925807416439,0.0278355162590742,0.1712601035833358
2100.0,1.0,600.0,5000.0,0.9,0.9,4.199999999999999,201.4418624987632,3,-0.1838331520557403,0.0476696342229843,0.1931491196155548,0.079928770661354,0.0342285931110382,0.1581937819719314
1500.0,1.5,300.0,3500.0,1.0,0.9,3.0,172.21831417578204,3,-0.1011124402284622,0.0342516601085662,0.1873569041490554,0.0612597055733203,0.0454389564692974,0.1183123886585235
1200.0,0.0,240.0,1500.0,0.5,1.0,5.4,86.42145860776603,3,-0.107542484998703,0.0071684513241052,0.1666047871112823,0.0391576290130615,0.0263470951467752,0.1127394810318946
0.0,2.0,240.0,5000.0,0.9,1.0,3.6,0.0,3,-0.075433999300003,0.0256919879466295,0.192535325884819,0.06641136854887,0.0523011684417724,0.1108888909220695
1200.0,1.0,180.0,4500.0,0.9,0.9,0.0,0.0,3,-0.0725660324096679,0.0197995714843273,0.190659761428833,0.0380226671695709,0.0439789928495883,0.109114795923233
2700.0,4.5,360.0,5000.0,0.7,1.0,4.199999999999999,359.57754145571323,3,-0.1578248292207718,0.0645840689539909,0.1918667107820511,0.0681690648198127,0.0416987538337707,0.1455844491720199
1200.0,0.0,0.0,4000.0,0.8,0.8,3.6,0.8000000124826203,3,-0.1134843304753303,0.0176645014435052,0.1878879219293594,0.04941888153553,0.0353717431426048,0.1237338334321975
1800.0,4.0,0.0,2000.0,0.9,1.0,5.4,0.9000000000000005,3,-0.1146214306354522,0.0220462251454591,0.1792245209217071,0.0617754459381103,0.0371061898767948,0.1211806759238243
3000.0,0.5,120.0,1500.0,0.4,1.0,4.800000000000001,120.39999647239182,3,-0.11424520611763,0.0173308085650205,0.1716258972883224,0.044400155544281,0.0297779142856597,0.1172351613640785
2100.0,2.0,300.0,2000.0,0.3,0.9,6.0,300.29999993573074,3,-0.148733839392662,0.0323618687689304,0.1706553846597671,0.0576982796192169,0.0279954224824905,0.1322704553604126
2700.0,0.5,240.0,2000.0,0.2,0.8,5.4,117.4712915626399,3,-0.1318530738353729,0.0273037757724523,0.1668850481510162,0.0485146194696426,0.0277125928550958,0.1228319481015205
1200.0,1.0,480.0,4500.0,1.0,0.7,6.0,297.0585844526112,3,-0.1617398709058761,0.0492974855005741,0.1897764056921005,0.0804794430732727,0.0394533649086952,0.1470326334238052
600.0,2.0,60.0,4500.0,1.0,0.8,2.4000000000000004,61.00000000034725,3,-0.0870755612850189,0.0174542181193828,0.1897052526473999,0.0556920059025287,0.0439439788460731,0.1143855974078178
1800.0,0.5,60.0,1500.0,0.8,0.9,4.800000000000001,60.80000000537318,3,-0.0851850807666778,0.0082632936537265,0.1682913452386856,0.039597176015377,0.0327416807413101,0.1047642156481742
900.0,2.0,420.0,5000.0,0.9,0.9,4.800000000000001,302.024383835665,3,-0.1355508416891098,0.0376686416566371,0.1890095621347427,0.076450191438198,0.0418943911790847,0.134587824344635
2100.0,1.0,0.0,1500.0,1.0,1.0,2.4000000000000004,0.999999999999996,3,-0.0910013318061828,0.0144735649228096,0.1823038309812545,0.0193352866917848,0.0312778390944004,0.1128214746713638
1500.0,3.5,0.0,4500.0,1.0,0.6,1.7999999999999998,1.0000000013035728,3,-0.1339948028326034,0.0218353271484375,0.1863888502120971,0.0310265440493822,0.026313979178667,0.1308499574661255
1500.0,0.5,60.0,1500.0,0.8,1.0,3.0,60.80000000078288,3,-0.0505941286683082,0.0042353570461273,0.1758971959352493,0.027905510738492,0.0393609814345836,0.0967799872159957
2700.0,1.0,0.0,2500.0,0.6,0.8,6.0,0.6000000000000136,3,-0.1634648591279983,0.0157001130282878,0.1775808334350586,0.0672081038355827,0.0242560487240552,0.1422037482261657
1200.0,3.5,420.0,5000.0,1.0,0.8,4.199999999999999,336.4439677419145,3,-0.1420451551675796,0.0546952113509178,0.1844962835311889,0.0711243525147438,0.0420676730573177,0.1356308609247207
1800.0,4.5,60.0,3500.0,0.8,0.6,6.0,60.799999999981786,3,-0.2135523706674575,0.0313679054379463,0.1786460429430008,0.0587727725505828,0.0138085894286632,0.1645139306783676
2400.0,0.5,180.0,4000.0,1.0,0.7,0.6000000000000001,24.29786911211696,3,-0.1642940789461136,0.031463511288166,0.1797495931386947,0.033008798956871,0.0199819579720497,0.1411676108837127
2400.0,5.0,0.0,5000.0,0.6,0.8,3.6,0.600000000000088,3,-0.1738110780715942,0.0261340048164129,0.1833487600088119,0.0406325608491897,0.0190760605037212,0.1468621343374252
2400.0,1.0,0.0,3500.0,0.9,0.8,0.6000000000000001,0.8999999995638468,3,-0.1282685548067093,0.0172305908054113,0.1754660159349441,0.0142417298629879,0.0196674466133117,0.1240881830453872
600.0,1.0,0.0,4000.0,0.7,0.3,6.0,0.6999999999999986,3,-0.1752522736787796,0.0228402931243181,0.1809924393892288,0.0463505685329437,0.0187327563762664,0.1468990743160247
2100.0,4.5,180.0,5000.0,1.0,0.4,3.6,180.9999999999801,3,-0.2534264922142029,0.0396394245326519,0.1815459281206131,0.0374637991189956,0.001305665820837,0.1827128082513809
300.0,0.5,180.0,3500.0,0.2,0.9,4.800000000000001,103.72678737821202,3,-0.1029485985636711,0.00352911837399,0.1778580844402313,0.0432786419987678,0.0304293110966682,0.1160655543208122
2400.0,2.5,180.0,5000.0,0.3,0.4,4.199999999999999,180.30000000287697,3,-0.1797400116920471,0.0296752210706472,0.1807314902544021,0.0422893017530441,0.0182389989495277,0.1486704498529434
900.0,0.0,540.0,5000.0,0.2,0.9,4.800000000000001,33.12213152184662,3,-0.1991235166788101,0.0036853980273008,0.1803740411996841,0.0589114278554916,0.0109618380665779,0.1583124101161956
900.0,3.0,60.0,2500.0,0.5,1.0,4.800000000000001,60.49999999996773,3,-0.08871341496706,0.0175213012844324,0.1742288470268249,0.0547690317034721,0.0394514426589012,0.1084846183657646
0.0,0.5,60.0,4000.0,0.9,1.0,0.6000000000000001,0.0,3,-0.0578808709979057,0.0104518253356218,0.1785140633583068,0.0377910397946834,0.0422190129756927,0.0993731841444969
1200.0,3.5,60.0,4000.0,1.0,0.6,3.0,60.99999999491073,3,-0.1338386684656143,0.0216434579342603,0.1754054129123687,0.0452183559536933,0.0271071400493383,0.1268250793218612
2400.0,3.0,300.0,5000.0,0.8,1.0,0.0,0.0,3,-0.0820782631635665,0.0623044371604919,0.1775907278060913,0.0445517897605896,0.0505921728909015,0.1063073277473449
2400.0,0.0,180.0,4000.0,0.6,0.4,6.0,114.37630052882504,3,-0.2273883670568466,0.0354184545576572,0.1718634217977523,0.0620152540504932,0.0104771899059414,0.1692175865173339
2100.0,2.5,60.0,1000.0,0.6,1.0,4.800000000000001,60.600000008496295,3,-0.0605010986328125,0.0283484049141407,0.1508940905332565,0.0494197607040405,0.0420402884483337,0.0868059322237968
2700.0,2.0,0.0,2000.0,1.0,0.9,4.199999999999999,0.9999999999999976,3,-0.1265547424554824,0.0187827795743942,0.1669968068599701,0.0422962680459022,0.025380278006196,0.1203732639551162
2100.0,1.0,240.0,5000.0,1.0,0.3,5.4,240.99999999729928,3,-0.2540694773197174,0.0383695736527442,0.1744058728218078,0.05464718490839,0.003338286653161,0.1820097714662552
300.0,1.0,60.0,2000.0,0.8,0.7,5.4,60.80000000066788,3,-0.087019570171833,0.0071827266365289,0.1548938453197479,0.0496556796133518,0.031178168952465,0.1003219336271286
300.0,2.0,0.0,5000.0,0.3,1.0,4.800000000000001,0.3000000000000001,3,-0.1110117807984352,-0.0054556857794523,0.1743394583463668,0.0370418354868888,0.0237284563481807,0.1181349009275436
2100.0,0.5,240.0,3500.0,0.7,0.7,3.6,122.54493165887216,3,-0.1328235268592834,0.0400850474834442,0.1683262437582016,0.0554955676198005,0.0327708348631858,0.124320387840271
3000.0,1.5,120.0,4500.0,0.2,0.3,4.199999999999999,120.19999999931662,3,-0.2238602191209793,0.0542618371546268,0.1704507023096084,0.0386917069554328,0.0098860058933496,0.1665505915880203
600.0,4.0,180.0,4000.0,0.9,0.3,6.0,180.89999999996115,3,-0.2128122746944427,0.028685612604022,0.1678587347269058,0.0556748583912849,0.0098517332226037,0.1602081358432769
0.0,0.0,60.0,5000.0,0.7,1.0,1.2000000000000002,0.0,3,-0.0888137966394424,-0.0040190201252698,0.1716666370630264,0.0429535657167434,0.0304468460381031,0.1087971255183219
1800.0,1.0,240.0,2000.0,0.1,0.9,4.800000000000001,151.62149905230427,3,-0.1220004335045814,0.0161023326218128,0.1513107866048813,0.0449031740427017,0.0225789658725261,0.1125690937042236
2100.0,1.5,0.0,4000.0,1.0,0.6,3.0,0.9999999999999996,3,-0.1655071824789047,0.0200444031506776,0.167928546667099,0.0210426766425371,0.0108771100640296,0.1365820318460464
2100.0,1.5,240.0,1000.0,0.9,1.0,5.4,240.89999999974947,3,-0.076758861541748,0.0337295457720756,0.1564254015684127,0.0520625673234462,0.041364662349224,0.0955072045326232
3000.0,5.0,420.0,5000.0,0.9,0.0,4.800000000000001,420.89606797129096,3,-0.3599582314491272,0.0548943579196929,0.1297574788331985,0.0443912744522094,-0.0327287800610065,0.221439391374588
2700.0,1.5,420.0,4500.0,1.0,0.0,4.800000000000001,276.4867852861262,3,-0.3154288530349731,0.0646010711789131,0.1380792409181594,0.0388573221862316,-0.0184728056192398,0.2023853212594986
2700.0,2.5,120.0,5000.0,1.0,0.6,6.0,121.00000000015676,3,-0.2676773071289062,0.0360605344176292,0.2129369378089904,0.0559944584965705,0.0093286577612161,0.2008987516164779
3000.0,2.5,180.0,4500.0,1.0,0.3,4.800000000000001,180.9999999943815,3,-0.2944647073745727,0.0397388152778148,0.1560471355915069,0.0354718565940856,-0.015801727771759,0.1939921081066131
2700.0,1.5,360.0,4500.0,1.0,0.0,3.6,207.46889659042975,3,-0.3052861094474792,0.06334038823843,0.1289968490600586,0.0347215682268142,-0.0195568241178989,0.194531500339508
2700.0,3.0,480.0,3000.0,0.7,0.0,6.0,434.25291450559246,3,-0.3126774728298187,0.0716997906565666,0.0857674404978752,0.0456162616610527,-0.0273984912782907,0.1909120678901672
3000.0,2.5,120.0,5000.0,0.9,0.2,3.6,120.90000001849072,3,-0.2910530269145965,0.0434019602835178,0.1498013436794281,0.0230835266411304,-0.0186915509402751,0.1898871511220932
2400.0,4.0,60.0,5000.0,0.6,0.1,4.800000000000001,60.59999999864586,3,-0.2822627127170563,0.0199086517095565,0.1599049121141433,0.0271119903773069,-0.0188342928886413,0.187042161822319
3000.0,1.5,120.0,4500.0,0.1,1.0,6.0,120.10000000000336,3,-0.1899500489234924,0.0213871486485004,0.2600394189357757,0.0679796114563942,0.039864033460617,0.1847733706235885
3000.0,1.0,600.0,2500.0,1.0,0.0,1.7999999999999998,89.39629854188762,3,-0.2764909863471985,0.1277333348989486,0.0764628574252128,0.0240620467811822,-0.0120581872761249,0.1812981218099594
3000.0,3.0,480.0,5000.0,0.4,0.8,0.6000000000000001,41.6513597885822,4,0.029851561412215233,0.039236970245838165,0.3434140682220459,0.055991366505622864,0.11712348461151123,0.1512473225593567
3000.0,4.5,60.0,4000.0,0.2,0.8,6.0,60.20000000399237,4,-0.013327203691005707,0.056208688765764236,0.33301854133605957,0.08838792145252228,0.11607198417186737,0.15073153376579285
2400.0,4.0,120.0,4500.0,0.1,1.0,1.7999999999999998,120.09967661363928,4,-0.003684228751808405,0.06556612253189087,0.32725489139556885,0.06782740354537964,0.11424104869365692,0.14583638310432434
3000.0,3.5,0.0,2500.0,0.2,1.0,6.0,0.19999999900284868,4,-0.032325148582458496,0.09525398910045624,0.32449787855148315,0.0855037122964859,0.1182326078414917,0.14923381805419922
3000.0,1.0,600.0,4500.0,0.4,1.0,1.7999999999999998,69.2759632021293,4,5.6623423006385565e-05,0.07807834446430206,0.3211207389831543,0.058686841279268265,0.11448563635349274,0.14169339835643768
2700.0,5.0,600.0,5000.0,0.0,0.6,1.7999999999999998,152.20690405123779,4,0.06296143680810928,0.08028282225131989,0.31704407930374146,0.05977519974112511,0.13001587986946106,0.1250106245279312
3000.0,4.5,480.0,4500.0,0.9,0.7,3.0,262.64057926060144,4,0.02212934009730816,0.08853618055582047,0.3151194751262665,0.08404558151960373,0.1274576485157013,0.12872515618801117
2700.0,5.0,360.0,4000.0,0.2,0.8,4.199999999999999,359.119771740079,4,-0.002465846948325634,0.07169534265995026,0.30927637219429016,0.0762544721364975,0.1136900931596756,0.13529126346111298
2400.0,4.5,180.0,4000.0,0.4,0.9,5.4,180.39999999990022,4,-0.005766148678958416,0.07347840815782547,0.307707816362381,0.09331688284873962,0.11718424409627914,0.1340346783399582
2400.0,5.0,120.0,2500.0,0.1,0.8,6.0,120.09999999980947,4,-0.01598016917705536,0.1218700110912323,0.2963613271713257,0.07625274360179901,0.119625985622406,0.1310352236032486
2700.0,4.5,480.0,3000.0,0.0,1.0,4.199999999999999,336.5786084889002,4,-0.016716456040740013,0.11005324125289917,0.30068138241767883,0.06396594643592834,0.11449602991342545,0.13472779095172882
2700.0,5.0,240.0,3000.0,0.1,0.7,6.0,240.1000000002966,4,-0.018162578344345093,0.11245332658290863,0.2967888116836548,0.078620046377182,0.11742489784955978,0.13176482915878296
2700.0,1.5,240.0,4500.0,0.9,1.0,4.199999999999999,235.69182663180672,4,-0.030358362942934036,0.07930291444063187,0.3001411557197571,0.09955307841300964,0.11215969920158386,0.13770368695259094
2700.0,5.0,120.0,3500.0,0.2,0.7,2.4000000000000004,120.19999999997971,4,0.005654769949615002,0.0822095274925232,0.2873435616493225,0.06465039402246475,0.10996455699205399,0.12270229309797287
2400.0,5.0,120.0,1500.0,0.3,1.0,5.4,120.30000000047066,4,-0.02272169478237629,0.1455516517162323,0.2801523506641388,0.07555172592401505,0.1196335032582283,0.12733978033065796
2700.0,3.5,120.0,3500.0,0.6,0.9,2.4000000000000004,120.60000000005158,4,-0.030059929937124252,0.09655924141407013,0.2909783124923706,0.07472784072160721,0.1080513596534729,0.13388991355895996
3000.0,5.0,360.0,3500.0,0.4,0.6,3.0,262.344393121231,4,0.006214394234120846,0.08434052020311356,0.287000834941864,0.07203437387943268,0.11239753663539886,0.12135011702775955
3000.0,1.5,0.0,3000.0,0.2,1.0,1.2000000000000002,0.1999999996323566,4,0.010127377696335316,0.07742156088352203,0.281202495098114,0.05766303092241287,0.10660361498594284,0.11977646499872208
3000.0,1.0,0.0,4500.0,0.7,0.9,2.4000000000000004,0.6999999999789802,4,-0.0059572020545601845,0.06986452639102936,0.29274359345436096,0.09235482662916183,0.11225143820047379,0.12746663391590118
1800.0,4.5,120.0,3000.0,0.4,1.0,5.4,120.39999999999283,4,-0.0018400223925709724,0.09615758061408997,0.28904950618743896,0.08407945185899734,0.11686162650585175,0.1228034719824791
3000.0,3.5,420.0,3500.0,0.1,0.8,4.199999999999999,300.1187516590574,4,-0.018575545400381088,0.08192704617977142,0.2850511968135834,0.06339621543884277,0.10294972360134125,0.12901650369167328
3000.0,2.0,540.0,3500.0,0.7,0.8,2.4000000000000004,145.1279629921424,4,-0.011953876353800297,0.07168318331241608,0.2820228040218353,0.06492745131254196,0.10166989266872406,0.12607768177986145
3000.0,2.5,540.0,5000.0,0.0,0.6,0.0,0.0,4,0.062178194522857666,0.08625287562608719,0.29098907113075256,0.05260144919157028,0.12300539761781693,0.11288035660982132
3000.0,4.0,600.0,5000.0,0.1,0.4,1.7999999999999998,138.15040999012308,4,0.06808973848819733,0.06839527189731598,0.29079172015190125,0.060606829822063446,0.12197089195251465,0.11260483413934708
2100.0,4.0,120.0,4500.0,0.1,0.7,0.6000000000000001,45.98268379399558,4,0.028106043115258217,0.050763074308633804,0.2828289568424225,0.05625985935330391,0.10448949038982391,0.11951571702957153
3000.0,3.5,300.0,5000.0,0.9,0.4,3.0,238.53692986396618,4,0.039623625576496124,0.0540727935731411,0.28857865929603577,0.08987642824649811,0.1180378794670105,0.1156395971775055
2100.0,4.5,240.0,4000.0,0.7,0.9,1.7999999999999998,154.65135370571866,4,-0.00622167531400919,0.1086556538939476,0.279895544052124,0.07443409413099289,0.11419090628623962,0.12051066011190414
2700.0,3.0,120.0,4000.0,0.8,0.8,3.0,120.80000000450373,4,-0.031832415610551834,0.08573511242866516,0.28158536553382874,0.08616960048675537,0.10541441291570663,0.1299109160900116
2700.0,3.5,240.0,4000.0,0.0,0.6,0.0,0.0,4,0.029868150129914284,0.0548572838306427,0.2774278521537781,0.046355221420526505,0.10212712734937668,0.11732667684555054
2400.0,3.0,360.0,5000.0,0.8,0.7,3.0,220.98579693127795,4,0.016330769285559654,0.04836872220039368,0.28294962644577026,0.08179494738578796,0.10736101865768433,0.12007161974906921
2400.0,1.5,600.0,4500.0,0.5,1.0,4.800000000000001,238.45829442543504,4,0.004472999833524227,0.08082453906536102,0.2804068922996521,0.07327507436275482,0.10974487662315369,0.11884741485118866
3000.0,2.0,420.0,4500.0,0.3,0.5,0.6000000000000001,32.82308130535836,4,0.04165228456258774,0.04695681110024452,0.2824453115463257,0.05518763139843941,0.10656051337718964,0.11738868802785873
1800.0,4.5,540.0,4500.0,0.6,1.0,1.7999999999999998,153.2939375401806,4,0.02324184589087963,0.06064244359731674,0.2775038480758667,0.06302761286497116,0.10610394179821014,0.11570994555950165
2700.0,2.0,240.0,4500.0,1.0,0.6,0.0,0.0,4,0.008672705851495266,0.06978157162666321,0.28039348125457764,0.07005839049816132,0.10722653567790985,0.11900034546852112
3000.0,0.5,240.0,4500.0,0.7,0.9,5.4,184.1285789858693,4,0.007062592543661594,0.0739791989326477,0.28283780813217163,0.09728468209505081,0.115291066467762,0.11806242913007736
2100.0,4.5,540.0,5000.0,0.2,0.6,4.800000000000001,393.46105049434516,4,0.026746751740574837,0.06665919721126556,0.28044217824935913,0.07150541990995407,0.11133839190006256,0.11450579762458801
3000.0,4.5,180.0,4000.0,1.0,0.5,6.0,181.00000000000253,4,0.004888302646577358,0.07218386977910995,0.27588963508605957,0.11199161410331726,0.11623835563659668,0.11524784564971924
1500.0,5.0,0.0,4500.0,0.1,0.7,5.4,0.1000000000000001,4,-0.020869027823209763,0.0794791579246521,0.27435302734375,0.08636914193630219,0.10483308136463165,0.12318248301744461
3000.0,2.5,420.0,2500.0,0.4,1.0,1.7999999999999998,113.5412212052393,4,-0.02834666706621647,0.09166508167982101,0.25912100076675415,0.05457038804888725,0.09425245225429535,0.12082155793905258
3000.0,4.0,300.0,4000.0,0.4,0.4,0.6000000000000001,47.699284073204616,4,0.053411561995744705,0.044744811952114105,0.271581768989563,0.05373853072524071,0.10586917400360107,0.11055354028940201
3000.0,3.5,360.0,2500.0,0.5,0.9,2.4000000000000004,181.26934365307355,4,-0.02461577206850052,0.10868377983570099,0.25654730200767517,0.062018681317567825,0.10065849870443344,0.11768942326307297
900.0,5.0,120.0,3000.0,0.2,0.9,6.0,120.19999999996993,4,-0.009476485662162304,0.1092383936047554,0.2663506269454956,0.07879327982664108,0.11122645437717438,0.11501966416835785
2700.0,1.5,540.0,3000.0,0.2,1.0,0.0,0.0,4,0.008793211542069912,0.06715284287929535,0.2626171410083771,0.03641432523727417,0.09374438226222992,0.11507759243249893
2700.0,3.5,0.0,3500.0,0.3,0.6,0.6000000000000001,0.29999999988769604,4,-0.015712639316916466,0.07597455382347107,0.26500144600868225,0.05588281899690628,0.0952865406870842,0.11979088932275772
2400.0,5.0,540.0,4000.0,0.3,0.8,0.0,0.0,4,0.04673391580581665,0.05826100334525108,0.2678193151950836,0.052202317863702774,0.10625413805246353,0.10781296342611313
2100.0,4.0,60.0,3000.0,0.7,1.0,0.0,0.0,4,-0.01731276698410511,0.10166948288679123,0.26356351375579834,0.0683695375919342,0.1040724441409111,0.11754749715328217
3000.0,0.5,240.0,3000.0,0.8,1.0,5.4,195.60295761894253,4,-0.02150890789926052,0.06602305173873901,0.2653045058250427,0.08777777850627899,0.09939910471439362,0.1202668771147728
600.0,4.5,480.0,3000.0,0.1,0.9,6.0,479.1403032378894,4,-0.012994165532290936,0.10272279381752014,0.26508063077926636,0.07512153685092926,0.10748270153999329,0.11607710272073746
2400.0,1.5,120.0,4000.0,0.7,0.9,4.199999999999999,120.69999999998208,4,-0.004408304579555988,0.061572276055812836,0.26652586460113525,0.09260867536067963,0.104074627161026,0.1156097874045372
2400.0,2.5,480.0,3000.0,0.6,1.0,0.0,0.0,4,-0.00334289763122797,0.055547285825014114,0.25478395819664,0.047108303755521774,0.08852416276931763,0.11384876817464828
2700.0,1.0,0.0,5000.0,0.9,0.8,4.199999999999999,0.9000000015124677,4,0.0023662345483899117,0.06731575727462769,0.2715735137462616,0.11703753471374512,0.11457326263189316,0.11471536010503769
2100.0,2.0,600.0,4000.0,0.7,0.8,1.7999999999999998,108.76552334432174,4,0.01046020444482565,0.03892777860164642,0.26301583647727966,0.05186017230153084,0.09106600284576416,0.11593034118413925
2700.0,3.5,120.0,4500.0,0.3,0.4,3.5999999999999996,120.29999999357923,4,0.0208375696092844,0.035495247691869736,0.2702867090702057,0.0761953741312027,0.10070373117923737,0.11545532941818237
2700.0,4.0,180.0,5000.0,0.4,0.3,5.4,180.39999999643325,4,0.02711040899157524,0.02743481658399105,0.27120834589004517,0.1025008037686348,0.10706359148025513,0.11503271013498306
2100.0,5.0,300.0,2500.0,0.8,1.0,1.2000000000000002,107.90812413336018,4,-0.011065681464970112,0.11044570803642273,0.2555142045021057,0.06297136843204498,0.10446639358997345,0.11242877691984177
3000.0,3.5,600.0,4500.0,0.3,0.4,3.5999999999999996,265.24244042609894,4,0.04471085965633392,0.06287101656198502,0.27079474925994873,0.06440795212984085,0.11069614440202713,0.10710658133029938
300.0,5.0,540.0,2500.0,0.0,0.9,5.4,446.6327838548616,4,-0.014335107989609241,0.11910209059715271,0.25821688771247864,0.07578706741333008,0.10969273746013641,0.11354949325323105
2400.0,3.0,60.0,3500.0,1.0,0.9,5.4,61.000000000001656,4,-0.017033766955137253,0.07956869155168533,0.2644259035587311,0.10881836712360382,0.10894480347633362,0.11677321046590805
2700.0,2.0,600.0,4000.0,0.7,0.6,0.6000000000000001,36.31194675084787,4,0.040083155035972595,0.03753882646560669,0.26335686445236206,0.05174357816576958,0.0981806069612503,0.11029102653265
3000.0,3.5,180.0,4000.0,0.0,0.5,3.5999999999999996,180.0000000002737,4,-0.016905607655644417,0.052309270948171616,0.26630058884620667,0.06866485625505447,0.0925922766327858,0.12159989774227142
3000.0,2.5,360.0,2500.0,0.2,0.9,3.5999999999999996,217.23369275146604,4,-0.03891703486442566,0.08280448615550995,0.25329723954200745,0.056657906621694565,0.08846065402030945,0.12170946598052979
3000.0,4.5,240.0,5000.0,0.6,0.0,0.6000000000000001,51.23723464135546,4,0.09307970851659775,0.020174050703644753,0.27018481492996216,0.062340542674064636,0.11144478619098663,0.10996551811695099
1800.0,4.5,360.0,4000.0,0.1,0.6,4.800000000000001,360.0999949137944,4,-0.0023697223514318466,0.07625752687454224,0.266926646232605,0.07156413793563843,0.10309464484453201,0.11500443518161774
3000.0,3.5,180.0,4000.0,0.9,0.3,0.0,0.0,4,0.042729876935482025,0.08207859098911285,0.2614140212535858,0.07020699977874756,0.11410737037658691,0.09957757592201233
1800.0,2.0,120.0,5000.0,0.4,1.0,0.6000000000000001,33.694847670214585,4,0.02496071718633175,0.03652655705809593,0.25953224301338196,0.06515005975961685,0.09654239565134048,0.10996515303850174
3000.0,2.0,540.0,3500.0,0.5,0.6,2.4000000000000004,138.29748287364887,4,0.0027897944673895836,0.061507295817136765,0.261688232421875,0.058836162090301514,0.09620536863803864,0.11359498649835587
1800.0,3.0,240.0,4500.0,0.5,0.9,4.199999999999999,240.4999999999721,4,0.01783188432455063,0.056932538747787476,0.26039379835128784,0.08237800747156143,0.10438405722379684,0.10734093934297562
2400.0,3.5,180.0,1500.0,0.2,0.9,5.4,180.2000000005231,4,-0.03323919698596001,0.11873362958431244,0.25202399492263794,0.0689178854227066,0.10160908102989197,0.118561752140522
2100.0,4.0,60.0,1500.0,0.8,0.9,6.0,60.799999999694904,4,-0.011400396935641766,0.10950838774442673,0.2605334520339966,0.08166474103927612,0.11007654666900635,0.11284425854682922
2700.0,1.0,120.0,3500.0,0.3,0.7,0.6000000000000001,21.8010141262908,4,0.017111437395215034,0.06047864630818367,0.2556670010089874,0.05109996721148491,0.09608925879001617,0.10800416767597198
3000.0,0.0,540.0,3500.0,0.9,0.8,3.0,81.13292975538953,4,-0.03362441062927246,0.07464604824781418,0.2587348222732544,0.07190285623073578,0.09291483461856842,0.121495820581913
2700.0,1.5,120.0,4500.0,0.6,0.6,1.7999999999999998,92.59217968170292,4,0.0015941290184855461,0.055732619017362595,0.2610109746456146,0.07473926246166229,0.0982692539691925,0.112833172082901
1800.0,5.0,420.0,4500.0,0.8,0.7,1.7999999999999998,162.31274793910137,4,0.04480825737118721,0.0965980812907219,0.2564871311187744,0.07340995967388153,0.11782586574554443,0.09483654052019119
2400.0,4.0,480.0,2500.0,0.0,0.7,6.0,451.7064737670803,4,-0.033216770738363266,0.13898436725139618,0.26042136549949646,0.07436318695545197,0.11013802886009216,0.12281100451946259
1800.0,3.0,60.0,3000.0,0.5,1.0,4.199999999999999,60.49999999588483,4,0.008454682305455208,0.07397094368934631,0.25613537430763245,0.08482040464878082,0.10584534704685211,0.10571984946727753
2400.0,1.0,120.0,4500.0,1.0,0.9,5.4,120.99999999323626,4,-0.011816115118563175,0.06453858315944672,0.2567770481109619,0.11481421440839767,0.10607843101024628,0.11315339058637619
1500.0,5.0,480.0,5000.0,0.9,0.8,6.0,480.89999999991585,4,0.010179108940064907,0.11175355315208435,0.25124239921569824,0.09702033549547195,0.11754884570837021,0.09976176917552948
2400.0,4.0,420.0,2500.0,1.0,0.8,5.4,420.9999986954557,4,-0.02870223857462406,0.12141387164592743,0.24822868406772614,0.08556339889764786,0.10662592947483063,0.11405754089355469
900.0,0.5,0.0,1000.0,0.7,1.0,5.4,0.700000000000049,4,-0.0239685270935297,0.033649783581495285,0.2691994607448578,0.07524300366640091,0.08853092789649963,0.12712953984737396
2400.0,3.5,240.0,4000.0,0.5,0.5,2.4000000000000004,181.46956692744854,4,0.014950736425817013,0.046069152653217316,0.25229373574256897,0.06616462767124176,0.09486956894397736,0.10704335570335388
3000.0,2.5,540.0,3500.0,0.5,0.5,0.0,0.0,4,0.039656028151512146,0.052114635705947876,0.2510138750076294,0.046335022896528244,0.09727988392114639,0.10261566936969757
1800.0,3.5,60.0,5000.0,0.5,0.8,5.4,60.499999999987246,4,0.008609247393906116,0.038200944662094116,0.25636032223701477,0.10340471565723419,0.10164380073547363,0.11048488318920135
2700.0,3.5,480.0,5000.0,0.2,0.4,6.0,435.4219576687609,4,0.02221461944282055,0.06986696273088455,0.25868597626686096,0.08514352142810822,0.10897776484489441,0.10334105044603348
2700.0,5.0,60.0,3500.0,0.4,0.4,0.0,0.0,4,0.010828091762959957,0.09449279308319092,0.24396279454231262,0.06514669209718704,0.10360759496688843,0.09978299587965012
2700.0,1.0,60.0,4000.0,0.8,0.7,4.199999999999999,60.799999999939224,4,-0.021862847730517387,0.06669323146343231,0.2561649978160858,0.09989860653877258,0.10022349655628204,0.11597012728452682
2400.0,3.0,120.0,2000.0,0.7,1.0,1.2000000000000002,86.75558131362774,4,-0.032323844730854034,0.09748903661966324,0.24156273901462555,0.05997351184487343,0.09167536348104477,0.11384321749210358
2400.0,5.0,420.0,3000.0,0.6,0.9,0.0,0.0,4,0.01901971362531185,0.09716980159282684,0.23925291001796722,0.05609600245952606,0.10288460552692413,0.09635259211063385
1500.0,3.5,600.0,4500.0,0.1,1.0,2.4000000000000004,171.33226863954846,4,0.03349427506327629,0.04906053468585014,0.25073346495628357,0.04807816073298454,0.09534160792827606,0.10383880883455276
1800.0,4.0,240.0,2500.0,0.2,1.0,1.2000000000000002,92.66549803652624,4,-0.008854860439896584,0.08173783123493195,0.24792303144931793,0.05107614025473595,0.09297053515911102,0.10993938148021698
2700.0,2.0,60.0,4500.0,0.8,0.5,1.7999999999999998,60.799999997191314,4,0.008630144409835339,0.060557905584573746,0.2542862594127655,0.08234253525733948,0.10145421326160431,0.10647645592689514
3000.0,4.5,60.0,4000.0,0.2,0.8,6.0,60.20000000399237,4,-0.013327203691005707,0.056208688765764236,0.33301854133605957,0.08838792145252228,0.11607198417186737,0.15073153376579285
3000.0,3.0,480.0,5000.0,0.4,0.8,0.6000000000000001,41.6513597885822,4,0.029851561412215233,0.039236970245838165,0.3434140682220459,0.055991366505622864,0.11712348461151123,0.1512473225593567
3000.0,3.5,0.0,2500.0,0.2,1.0,6.0,0.19999999900284868,4,-0.032325148582458496,0.09525398910045624,0.32449787855148315,0.0855037122964859,0.1182326078414917,0.14923381805419922
2400.0,4.0,120.0,4500.0,0.1,1.0,1.7999999999999998,120.09967661363928,4,-0.003684228751808405,0.06556612253189087,0.32725489139556885,0.06782740354537964,0.11424104869365692,0.14583638310432434
3000.0,1.0,600.0,4500.0,0.4,1.0,1.7999999999999998,69.2759632021293,4,5.663087358698249e-05,0.07807834446430206,0.3211207389831543,0.05868683382868767,0.11448563635349274,0.14169339835643768
2700.0,1.5,240.0,4500.0,0.9,1.0,4.199999999999999,235.69182663180672,4,-0.030358372256159782,0.07930292189121246,0.30014121532440186,0.09955306351184845,0.11215969920158386,0.13770373165607452
2700.0,5.0,360.0,4000.0,0.2,0.8,4.199999999999999,359.119771740079,4,-0.002465846948325634,0.07169534265995026,0.30927637219429016,0.0762544721364975,0.1136900931596756,0.13529126346111298
2400.0,4.5,180.0,4000.0,0.4,0.9,5.4,180.39999999990022,4,-0.005766148678958416,0.07347840815782547,0.307707816362381,0.09331688284873962,0.11718424409627914,0.1340346783399582
2400.0,5.0,120.0,2500.0,0.1,0.8,6.0,120.09999999980947,4,-0.01598016917705536,0.1218700110912323,0.2963613271713257,0.07625274360179901,0.119625985622406,0.1310352236032486
2700.0,3.5,120.0,3500.0,0.6,0.9,2.4000000000000004,120.60000000005158,4,-0.030059929937124252,0.09655924141407013,0.2909783124923706,0.07472784072160721,0.1080513596534729,0.13388991355895996
