Mg-glutamate (mM),K-glutamate (mM),Amino Acid (mM),tRNA (mg/ml),coA (mM),NAD (mM),cAMP (mM),Folinic Acid (mM),Spermidine (mM),3-PGA (mM),NTP (mM),Yield
4.0,80.0,1.5,0.2,0.26,0.33,0.75,0.068,1.0,30.0,0.45,1e-05
0.4,80.0,1.5,0.2,0.26,0.33,0.75,0.068,1.0,30.0,1.5,1e-05
4.0,80.0,1.5,0.2,0.26,0.33,0.75,0.068,1.0,30.0,0.15,1e-05
1.2,40.0,0.45,0.02,0.078,0.165,0.375,0.0204,0.3,9.0,0.75,1e-05
4.0,80.0,1.5,0.2,0.26,0.33,0.75,0.068,1.0,30.0,0.75,0.108
4.0,80.0,0.15,0.2,0.26,0.33,0.75,0.068,1.0,30.0,1.5,0.147
2.0,24.0,0.75,0.1,0.13,0.165,0.225,0.0068,0.1,9.0,0.15,0.163
2.0,24.0,0.45,0.02,0.078,0.033,0.375,0.0068,0.5,3.0,0.45,0.222
4.0,80.0,1.5,0.2,0.13,0.33,0.75,0.068,1.0,30.0,1.5,0.257
0.4,24.0,0.15,0.02,0.026,0.165,0.375,0.0068,0.1,9.0,0.15,0.263
4.0,40.0,1.5,0.2,0.26,0.33,0.75,0.068,1.0,30.0,1.5,0.321
4.0,80.0,1.5,0.1,0.26,0.33,0.75,0.068,1.0,30.0,1.5,0.347
4.0,80.0,1.5,0.2,0.26,0.33,0.75,0.068,0.1,30.0,1.5,0.354
4.0,80.0,1.5,0.2,0.26,0.33,0.75,0.034,1.0,30.0,1.5,0.384
2.0,80.0,1.5,0.2,0.26,0.33,0.75,0.068,1.0,30.0,1.5,0.405
4.0,80.0,1.5,0.2,0.26,0.33,0.375,0.068,1.0,30.0,1.5,0.467
2.0,24.0,0.15,0.02,0.026,0.033,0.225,0.0204,0.1,15.0,0.15,0.47
2.0,24.0,0.45,0.06,0.026,0.033,0.075,0.0068,0.5,9.0,0.45,0.499
4.0,80.0,1.5,0.2,0.26,0.165,0.75,0.068,1.0,30.0,1.5,0.532
4.0,80.0,1.5,0.2,0.26,0.33,0.75,0.068,1.0,30.0,1.5,0.563
4.0,80.0,1.5,0.2,0.26,0.33,0.75,0.068,1.0,15.0,1.5,0.581
2.0,8.0,0.45,0.06,0.026,0.099,0.075,0.0204,0.5,9.0,0.15,0.587
1.2,40.0,0.15,0.1,0.026,0.165,0.075,0.0068,0.1,15.0,0.75,0.619
4.0,80.0,0.15,0.06,0.026,0.33,0.075,0.034,1.0,9.0,1.5,0.801
0.4,8.0,0.75,0.06,0.026,0.165,0.375,0.034,0.5,9.0,0.15,0.826
1.2,40.0,0.15,0.02,0.078,0.033,0.225,0.034,0.1,9.0,0.15,0.845
0.4,8.0,0.75,0.1,0.13,0.165,0.075,0.0204,0.5,15.0,0.15,0.86
0.4,40.0,0.15,0.06,0.026,0.165,0.075,0.0068,0.1,15.0,0.75,0.892
0.4,24.0,0.45,0.02,0.13,0.099,0.075,0.0204,0.1,9.0,0.15,1.032
4.0,80.0,0.75,0.2,0.26,0.33,0.75,0.068,1.0,30.0,1.5,1.045
4.0,80.0,0.15,0.06,0.026,0.099,0.225,0.068,1.0,9.0,1.5,1.07
2.0,8.0,0.75,0.06,0.026,0.099,0.375,0.0068,0.1,15.0,0.15,1.106
2.0,40.0,0.15,0.1,0.13,0.033,0.075,0.0068,0.3,9.0,0.15,1.186
4.0,80.0,0.15,0.02,0.026,0.033,0.075,0.068,1.0,9.0,1.5,1.298
4.0,80.0,0.15,0.06,0.026,0.099,0.225,0.0204,1.0,9.0,1.5,1.328
4.0,80.0,0.15,0.1,0.026,0.33,0.075,0.034,1.0,9.0,1.5,1.344
0.4,40.0,0.15,0.02,0.026,0.099,0.075,0.034,0.1,15.0,0.75,1.394
0.4,40.0,0.15,0.1,0.078,0.165,0.075,0.0068,0.1,15.0,0.75,1.395
4.0,80.0,0.45,0.2,0.026,0.033,0.075,0.0068,1.0,9.0,1.5,1.471
4.0,80.0,1.5,0.2,0.026,0.33,0.75,0.068,1.0,30.0,1.5,1.503
4.0,80.0,0.15,0.02,0.078,0.165,0.075,0.0204,1.0,9.0,1.5,1.515
4.0,80.0,0.45,0.02,0.026,0.033,0.075,0.0204,1.0,9.0,1.5,1.521
4.0,80.0,0.15,0.06,0.078,0.165,0.075,0.0068,1.0,9.0,1.5,1.522
2.0,40.0,0.45,0.1,0.078,0.099,0.075,0.0204,0.3,9.0,0.75,1.526
4.0,80.0,0.15,0.1,0.026,0.033,0.075,0.0204,1.0,9.0,1.5,1.598
4.0,80.0,0.45,0.02,0.026,0.033,0.075,0.034,1.0,9.0,1.5,1.614
1.2,8.0,0.45,0.06,0.026,0.033,0.375,0.034,0.5,9.0,0.45,1.625
4.0,80.0,0.45,0.1,0.026,0.033,0.075,0.0068,1.0,9.0,1.5,1.707
4.0,80.0,0.45,0.06,0.026,0.165,0.075,0.0068,1.0,9.0,1.5,1.723
4.0,80.0,0.15,0.02,0.078,0.033,0.075,0.0068,1.0,9.0,1.5,1.728
0.4,40.0,0.15,0.1,0.026,0.099,0.075,0.034,0.1,15.0,0.75,1.772
0.4,40.0,0.45,0.1,0.078,0.099,0.375,0.0068,0.3,3.0,0.15,1.776
2.0,24.0,0.45,0.06,0.078,0.033,0.225,0.0204,0.5,9.0,0.15,1.8
4.0,80.0,0.15,0.2,0.078,0.165,0.075,0.0068,1.0,9.0,1.5,1.815
4.0,80.0,0.15,0.1,0.078,0.099,0.075,0.0204,1.0,9.0,1.5,1.818
1.2,24.0,0.75,0.1,0.078,0.099,0.075,0.0204,0.3,15.0,0.15,1.83
2.0,40.0,0.45,0.02,0.078,0.033,0.075,0.0204,0.3,9.0,0.75,1.872
4.0,80.0,0.15,0.1,0.026,0.033,0.075,0.0068,1.0,9.0,1.5,1.927
4.0,80.0,0.45,0.1,0.026,0.165,0.075,0.034,1.0,9.0,1.5,1.928
2.0,40.0,0.45,0.06,0.13,0.033,0.225,0.0068,0.5,3.0,0.45,1.956
4.0,8.0,1.5,0.2,0.26,0.33,0.75,0.068,1.0,30.0,1.5,1.963
4.0,80.0,0.15,0.2,0.026,0.33,0.075,0.034,1.0,9.0,1.5,1.997
4.0,80.0,0.15,0.02,0.078,0.099,0.075,0.0068,1.0,9.0,1.5,2.009
4.0,80.0,0.15,0.1,0.078,0.033,0.075,0.034,1.0,9.0,1.5,2.021
1.2,8.0,0.75,0.02,0.13,0.099,0.375,0.0068,0.5,9.0,0.75,2.025
4.0,80.0,0.15,0.06,0.13,0.033,0.075,0.0068,1.0,9.0,1.5,2.034
0.4,8.0,0.15,0.02,0.026,0.033,0.075,0.0068,0.1,30.0,0.15,2.039
4.0,80.0,1.5,0.02,0.26,0.33,0.75,0.068,1.0,30.0,1.5,2.066
4.0,80.0,1.5,0.2,0.26,0.33,0.75,0.0068,1.0,30.0,1.5,2.159
4.0,80.0,1.5,0.2,0.26,0.33,0.075,0.068,1.0,30.0,1.5,2.22
4.0,80.0,0.15,0.1,0.13,0.033,0.075,0.0204,1.0,9.0,1.5,2.244
2.0,40.0,0.45,0.1,0.026,0.165,0.075,0.0204,0.3,9.0,0.75,2.262
1.2,40.0,0.15,0.02,0.078,0.099,0.075,0.034,0.1,15.0,0.75,2.3
4.0,80.0,0.15,0.2,0.078,0.033,0.075,0.0068,1.0,9.0,1.5,2.316
0.4,8.0,0.75,0.1,0.13,0.099,0.375,0.0068,0.3,9.0,0.75,2.322
0.4,8.0,0.15,0.1,0.026,0.165,0.375,0.0204,0.1,9.0,0.45,2.418
4.0,80.0,0.15,0.2,0.078,0.165,0.075,0.0204,1.0,9.0,1.5,2.42
0.4,8.0,0.45,0.02,0.026,0.099,0.075,0.0204,0.1,9.0,0.45,2.459
2.0,40.0,0.45,0.02,0.026,0.033,0.075,0.0204,0.1,15.0,0.75,2.471
2.0,40.0,0.75,0.06,0.026,0.033,0.075,0.034,0.1,15.0,0.75,2.48
4.0,80.0,0.15,0.1,0.13,0.165,0.075,0.068,1.0,9.0,1.5,2.494
1.2,24.0,0.75,0.06,0.13,0.165,0.375,0.034,0.1,3.0,0.45,2.5
1.2,40.0,0.15,0.06,0.078,0.099,0.075,0.034,0.1,15.0,0.75,2.53
0.4,8.0,0.45,0.02,0.13,0.033,0.225,0.0204,0.5,15.0,0.75,2.532
4.0,80.0,0.15,0.2,0.078,0.33,0.075,0.0204,1.0,9.0,1.5,2.546
4.0,80.0,0.45,0.06,0.078,0.033,0.075,0.0068,1.0,9.0,1.5,2.547
2.0,40.0,0.15,0.1,0.078,0.033,0.225,0.0204,0.1,9.0,0.45,2.605
1.2,8.0,0.75,0.1,0.026,0.033,0.075,0.034,0.5,3.0,0.75,2.624
2.0,8.0,0.15,0.06,0.13,0.165,0.075,0.034,0.3,9.0,0.15,2.625
0.4,40.0,0.15,0.06,0.078,0.033,0.075,0.0204,0.1,15.0,0.75,2.666
1.2,24.0,0.45,0.06,0.026,0.033,0.075,0.034,0.3,9.0,0.45,2.677
4.0,80.0,0.15,0.1,0.13,0.099,0.075,0.0204,1.0,9.0,1.5,2.683
4.0,80.0,0.45,0.2,0.026,0.033,0.075,0.068,1.0,9.0,1.5,2.745
4.0,80.0,1.5,0.2,0.26,0.33,0.75,0.068,0.5,30.0,1.5,2.799
4.0,80.0,0.45,0.02,0.078,0.099,0.075,0.0204,1.0,9.0,1.5,2.877
4.0,80.0,0.45,0.06,0.078,0.033,0.075,0.034,1.0,9.0,1.5,2.933
1.2,24.0,0.45,0.06,0.026,0.033,0.225,0.0204,0.5,9.0,0.45,2.961
4.0,80.0,0.15,0.2,0.078,0.165,0.075,0.068,1.0,9.0,1.5,2.989
4.0,80.0,0.15,0.1,0.13,0.033,0.075,0.068,1.0,9.0,1.5,3.051
4.0,80.0,1.5,0.2,0.26,0.033,0.75,0.068,1.0,30.0,1.5,3.075
2.0,24.0,0.75,0.06,0.026,0.033,0.075,0.0204,0.1,15.0,0.75,3.126
1.2,8.0,0.75,0.06,0.026,0.033,0.075,0.0068,0.5,3.0,0.75,3.184
0.4,8.0,0.45,0.06,0.078,0.033,0.375,0.0068,0.1,9.0,0.45,3.186
2.0,40.0,0.15,0.02,0.078,0.033,0.225,0.0204,0.1,15.0,0.75,3.209
2.0,40.0,0.75,0.06,0.026,0.033,0.075,0.034,0.5,3.0,0.45,3.242
0.4,24.0,0.75,0.02,0.026,0.033,0.075,0.0204,0.5,3.0,0.75,3.295
4.0,80.0,0.45,0.1,0.078,0.033,0.075,0.034,1.0,9.0,1.5,3.33
1.2,40.0,0.15,0.06,0.026,0.033,0.225,0.0068,0.1,15.0,0.75,3.345
2.0,8.0,0.75,0.06,0.078,0.033,0.075,0.034,0.5,3.0,0.75,3.387
2.0,8.0,0.75,0.02,0.026,0.033,0.075,0.0204,0.5,3.0,0.75,3.417
0.4,24.0,0.45,0.1,0.078,0.165,0.225,0.0204,0.3,9.0,0.45,3.448
1.2,8.0,0.75,0.1,0.078,0.165,0.075,0.034,0.1,3.0,0.15,3.501
2.0,24.0,0.75,0.02,0.026,0.033,0.075,0.0068,0.5,3.0,0.75,3.535
2.0,40.0,0.45,0.1,0.13,0.033,0.075,0.034,0.3,15.0,0.45,3.561
1.2,24.0,0.45,0.06,0.078,0.033,0.375,0.0204,0.3,15.0,0.15,3.568
1.2,8.0,0.45,0.02,0.026,0.033,0.375,0.0068,0.5,15.0,0.15,3.686
0.4,8.0,0.15,0.02,0.026,0.033,0.075,0.0068,0.1,3.0,1.5,3.701
2.0,8.0,0.15,0.1,0.026,0.165,0.225,0.034,0.5,9.0,0.45,3.714
2.0,8.0,0.15,0.02,0.078,0.033,0.375,0.034,0.5,9.0,0.45,3.744
0.4,24.0,0.45,0.02,0.026,0.033,0.225,0.0204,0.3,15.0,0.15,3.79
4.0,80.0,1.5,0.2,0.26,0.33,0.75,0.068,1.0,3.0,1.5,3.796
0.4,8.0,0.75,0.1,0.026,0.033,0.075,0.0204,0.3,15.0,0.45,3.857
2.0,40.0,0.15,0.02,0.026,0.099,0.075,0.034,0.1,15.0,0.75,3.882
2.0,40.0,0.75,0.06,0.078,0.165,0.075,0.034,0.1,15.0,0.75,3.888
0.4,8.0,0.15,0.02,0.026,0.33,0.075,0.0068,0.1,3.0,0.15,3.981
2.0,40.0,0.15,0.06,0.078,0.099,0.225,0.034,0.5,3.0,0.45,4.011
0.4,24.0,0.45,0.02,0.026,0.033,0.225,0.034,0.5,15.0,0.45,4.039
1.2,8.0,0.75,0.02,0.026,0.033,0.075,0.034,0.3,3.0,0.75,4.122
2.0,40.0,0.75,0.02,0.026,0.033,0.075,0.034,0.5,3.0,0.45,4.177
2.0,24.0,0.45,0.02,0.026,0.033,0.225,0.0068,0.1,3.0,0.45,4.18
2.0,8.0,0.45,0.1,0.078,0.033,0.075,0.034,0.5,3.0,0.75,4.19
1.2,8.0,0.45,0.1,0.026,0.033,0.075,0.0204,0.5,3.0,0.75,4.2
2.0,8.0,0.15,0.1,0.026,0.099,0.075,0.034,0.5,3.0,0.75,4.374
0.4,24.0,0.75,0.1,0.026,0.033,0.375,0.0204,0.5,15.0,0.45,4.406
2.0,40.0,0.15,0.02,0.026,0.033,0.075,0.034,0.1,9.0,0.15,4.469
2.0,40.0,0.15,0.06,0.026,0.033,0.225,0.0204,0.1,15.0,0.75,4.483
2.0,8.0,0.45,0.02,0.026,0.033,0.075,0.034,0.5,3.0,0.75,4.503
2.0,40.0,0.45,0.06,0.026,0.099,0.075,0.0204,0.3,15.0,0.45,4.503
0.4,24.0,0.15,0.02,0.026,0.099,0.075,0.034,0.5,15.0,0.45,4.58
2.0,8.0,0.15,0.1,0.078,0.033,0.075,0.034,0.5,3.0,0.75,4.585
2.0,40.0,0.15,0.02,0.026,0.033,0.225,0.034,0.1,15.0,0.75,4.66
1.2,40.0,0.75,0.1,0.026,0.033,0.075,0.034,0.5,3.0,0.75,4.674
1.2,8.0,0.75,0.1,0.026,0.033,0.075,0.034,0.1,3.0,0.75,4.675
0.4,8.0,1.5,0.02,0.026,0.033,0.075,0.0068,0.1,3.0,0.15,4.677
0.4,8.0,0.15,0.1,0.078,0.033,0.075,0.034,0.3,3.0,0.75,4.678
1.2,8.0,0.45,0.06,0.026,0.033,0.075,0.034,0.3,3.0,0.75,4.74
1.2,8.0,0.15,0.1,0.026,0.033,0.075,0.034,0.1,3.0,0.75,4.774
1.2,40.0,0.15,0.02,0.026,0.033,0.075,0.0068,0.1,15.0,0.75,4.785
0.4,8.0,0.45,0.02,0.026,0.033,0.075,0.034,0.3,3.0,0.75,4.817
2.0,40.0,0.75,0.1,0.078,0.033,0.225,0.034,0.5,3.0,0.75,4.824
2.0,8.0,0.15,0.06,0.078,0.033,0.075,0.034,0.5,15.0,0.45,4.85
0.4,24.0,0.45,0.02,0.026,0.033,0.225,0.034,0.3,9.0,0.45,4.907
2.0,8.0,0.15,0.1,0.026,0.033,0.225,0.034,0.5,3.0,0.75,4.925
1.2,8.0,0.15,0.06,0.026,0.033,0.075,0.034,0.3,3.0,0.75,4.967
0.4,8.0,0.15,0.02,0.13,0.099,0.225,0.034,0.1,3.0,0.75,4.984
2.0,40.0,0.75,0.02,0.13,0.165,0.075,0.034,0.1,15.0,0.45,4.985
1.2,8.0,0.15,0.02,0.026,0.033,0.075,0.0204,0.3,3.0,0.75,5.005
1.2,40.0,0.45,0.1,0.026,0.165,0.225,0.0204,0.3,3.0,0.45,5.049
0.4,8.0,0.15,0.02,0.026,0.033,0.075,0.0068,1.0,3.0,0.15,5.111
2.0,8.0,0.75,0.02,0.078,0.033,0.075,0.034,0.5,3.0,0.15,5.125
1.2,40.0,0.75,0.1,0.026,0.033,0.075,0.0068,0.5,3.0,0.75,5.15
0.4,40.0,0.75,0.06,0.026,0.033,0.075,0.0204,0.5,3.0,0.75,5.179
1.2,8.0,0.15,0.1,0.026,0.033,0.075,0.034,0.5,9.0,0.75,5.179
2.0,24.0,0.15,0.02,0.026,0.099,0.225,0.0068,0.3,15.0,0.75,5.185
1.2,40.0,0.15,0.02,0.026,0.033,0.075,0.034,0.1,15.0,0.15,5.206
2.0,8.0,0.15,0.1,0.026,0.033,0.075,0.034,0.3,3.0,0.75,5.243
0.4,80.0,0.15,0.02,0.026,0.033,0.075,0.0068,0.1,3.0,0.15,5.294
0.4,40.0,0.75,0.02,0.026,0.099,0.375,0.0068,0.3,9.0,0.45,5.313
1.2,8.0,0.15,0.1,0.026,0.033,0.225,0.0204,0.5,3.0,0.45,5.339
0.4,8.0,0.15,0.1,0.026,0.033,0.375,0.0204,0.3,15.0,0.45,5.341
2.0,8.0,0.15,0.06,0.026,0.033,0.075,0.034,0.1,9.0,0.75,5.377
2.0,8.0,0.75,0.1,0.026,0.033,0.225,0.0068,0.1,3.0,0.15,5.384
0.4,40.0,0.15,0.06,0.026,0.033,0.075,0.0068,0.1,15.0,0.45,5.446
2.0,40.0,0.75,0.1,0.026,0.033,0.075,0.0204,0.5,3.0,0.75,5.486
1.2,8.0,0.45,0.1,0.078,0.099,0.225,0.0204,0.5,3.0,0.15,5.511
2.0,40.0,0.15,0.1,0.026,0.033,0.075,0.0068,0.1,15.0,0.75,5.527
1.2,40.0,0.15,0.02,0.078,0.033,0.075,0.0068,0.1,15.0,0.75,5.62
2.0,40.0,0.15,0.02,0.078,0.099,0.075,0.0204,0.1,15.0,0.75,5.624
0.4,24.0,0.75,0.02,0.078,0.033,0.225,0.034,0.3,15.0,0.75,5.634
0.4,8.0,0.15,0.02,0.026,0.033,0.75,0.0068,0.1,3.0,0.15,5.655
2.0,40.0,0.15,0.1,0.026,0.033,0.075,0.0204,0.1,15.0,0.75,5.673
0.4,8.0,0.15,0.02,0.26,0.033,0.075,0.0068,0.1,3.0,0.15,5.674
2.0,8.0,0.15,0.1,0.078,0.165,0.075,0.0068,0.1,3.0,0.75,5.738
2.0,40.0,0.15,0.02,0.078,0.099,0.075,0.0068,0.1,15.0,0.75,5.752
2.0,40.0,0.75,0.06,0.026,0.033,0.225,0.0204,0.1,15.0,0.75,5.758
1.2,40.0,0.15,0.1,0.078,0.165,0.075,0.0204,0.5,3.0,0.75,5.782
0.4,40.0,0.15,0.1,0.026,0.165,0.075,0.0204,0.1,15.0,0.45,5.861
0.4,8.0,0.15,0.2,0.026,0.033,0.075,0.0068,0.1,3.0,0.15,5.866
2.0,40.0,0.45,0.06,0.13,0.033,0.075,0.034,0.1,15.0,0.75,5.884
0.4,24.0,0.45,0.06,0.026,0.033,0.075,0.034,0.1,3.0,0.75,5.909
2.0,40.0,0.45,0.1,0.078,0.033,0.075,0.034,0.1,15.0,0.75,5.912
2.0,40.0,0.15,0.06,0.026,0.033,0.075,0.034,0.1,15.0,0.15,5.921
0.4,40.0,0.45,0.02,0.026,0.033,0.075,0.034,0.1,15.0,0.75,5.922
0.4,8.0,0.15,0.02,0.026,0.033,0.075,0.068,0.1,3.0,0.15,5.925
2.0,40.0,0.45,0.06,0.078,0.099,0.075,0.034,0.1,15.0,0.75,5.991
1.2,40.0,0.15,0.06,0.026,0.033,0.075,0.034,0.5,3.0,0.45,5.999
2.0,40.0,0.45,0.06,0.13,0.099,0.075,0.0068,0.1,15.0,0.75,6.0
1.2,40.0,0.15,0.02,0.078,0.033,0.075,0.034,0.1,15.0,0.75,6.02
1.2,40.0,0.15,0.02,0.026,0.165,0.075,0.0204,0.1,15.0,0.15,6.021
0.4,8.0,0.15,0.02,0.026,0.033,0.075,0.0068,0.1,3.0,0.15,6.036
1.2,40.0,0.15,0.02,0.026,0.165,0.075,0.0068,0.1,9.0,0.45,6.059
0.4,40.0,0.15,0.02,0.078,0.033,0.225,0.034,0.5,3.0,0.75,6.077
2.0,40.0,0.45,0.06,0.13,0.033,0.075,0.0204,0.1,15.0,0.75,6.093
1.2,8.0,0.15,0.06,0.13,0.099,0.225,0.034,0.3,3.0,0.15,6.119
2.0,40.0,0.15,0.02,0.026,0.033,0.075,0.0204,0.1,15.0,0.15,6.124
2.0,40.0,0.45,0.1,0.13,0.033,0.075,0.0204,0.1,15.0,0.75,6.157
2.0,40.0,0.75,0.02,0.078,0.165,0.075,0.0204,0.5,15.0,0.75,6.178
1.2,40.0,0.75,0.02,0.026,0.033,0.375,0.0204,0.5,3.0,0.75,6.337
2.0,40.0,0.45,0.1,0.13,0.033,0.075,0.034,0.1,15.0,0.75,6.376
1.2,24.0,0.15,0.02,0.078,0.033,0.075,0.034,0.3,3.0,0.75,6.383
2.0,40.0,0.75,0.06,0.078,0.033,0.075,0.0204,0.1,15.0,0.75,6.398
1.2,40.0,0.15,0.06,0.026,0.165,0.075,0.034,0.1,15.0,0.45,6.407
2.0,8.0,0.45,0.1,0.026,0.033,0.075,0.034,0.5,9.0,0.75,6.41
1.2,24.0,0.15,0.1,0.078,0.033,0.075,0.034,0.5,3.0,0.75,6.41
2.0,40.0,0.45,0.06,0.026,0.165,0.075,0.0204,0.1,15.0,0.75,6.415
0.4,40.0,0.45,0.1,0.13,0.033,0.075,0.0204,0.3,15.0,0.45,6.46
1.2,40.0,0.15,0.06,0.078,0.033,0.075,0.0204,0.1,15.0,0.75,6.463
0.4,24.0,0.45,0.1,0.078,0.033,0.075,0.034,0.5,3.0,0.75,6.555
2.0,40.0,0.15,0.06,0.078,0.165,0.075,0.034,0.1,15.0,0.75,6.65
1.2,24.0,0.15,0.02,0.026,0.033,0.075,0.034,0.1,9.0,0.75,6.668
2.0,40.0,0.15,0.02,0.026,0.033,0.225,0.0068,0.1,15.0,0.75,6.706
2.0,40.0,0.45,0.1,0.026,0.099,0.075,0.034,0.1,15.0,0.75,6.722
2.0,24.0,0.45,0.1,0.078,0.033,0.075,0.034,0.5,3.0,0.75,6.725
2.0,40.0,0.45,0.02,0.078,0.099,0.225,0.0204,0.1,15.0,0.75,6.779
2.0,40.0,0.15,0.06,0.078,0.165,0.075,0.0068,0.1,15.0,0.45,6.847
2.0,40.0,0.45,0.1,0.078,0.099,0.075,0.0204,0.1,15.0,0.75,6.857
2.0,40.0,0.45,0.06,0.13,0.099,0.075,0.0204,0.1,15.0,0.75,6.946
1.2,40.0,0.15,0.02,0.026,0.165,0.075,0.0068,0.1,3.0,0.75,6.96
2.0,40.0,0.15,0.1,0.026,0.033,0.075,0.034,0.1,15.0,0.45,6.966
2.0,40.0,0.15,0.06,0.026,0.033,0.075,0.034,0.5,15.0,0.45,6.993
2.0,40.0,0.45,0.06,0.026,0.099,0.225,0.0068,0.1,15.0,0.75,7.022
2.0,24.0,0.75,0.06,0.078,0.033,0.075,0.034,0.3,3.0,0.75,7.057
4.0,8.0,0.15,0.02,0.026,0.033,0.075,0.0068,0.1,3.0,0.15,7.058
2.0,24.0,0.15,0.02,0.026,0.033,0.225,0.034,0.5,3.0,0.75,7.063
1.2,24.0,0.45,0.02,0.026,0.099,0.075,0.034,0.5,3.0,0.75,7.072
2.0,40.0,0.15,0.1,0.078,0.033,0.225,0.0204,0.3,9.0,0.75,7.086
2.0,40.0,0.45,0.1,0.026,0.165,0.075,0.0204,0.1,15.0,0.75,7.111
2.0,40.0,0.15,0.1,0.026,0.033,0.225,0.034,0.1,15.0,0.75,7.115
2.0,40.0,0.15,0.02,0.026,0.165,0.075,0.0068,0.1,3.0,0.45,7.122
2.0,40.0,0.45,0.1,0.13,0.099,0.225,0.034,0.1,15.0,0.75,7.127
1.2,24.0,0.15,0.02,0.026,0.033,0.075,0.0204,0.5,3.0,0.75,7.13
2.0,40.0,0.45,0.02,0.13,0.099,0.075,0.0204,0.1,15.0,0.75,7.13
1.2,40.0,0.15,0.02,0.078,0.165,0.075,0.0068,0.3,3.0,0.75,7.139
2.0,24.0,0.15,0.02,0.078,0.033,0.075,0.034,0.3,3.0,0.75,7.141
0.4,24.0,0.75,0.1,0.026,0.033,0.075,0.034,0.1,3.0,0.75,7.187
1.2,40.0,0.45,0.02,0.078,0.033,0.075,0.0068,0.1,15.0,0.75,7.197
2.0,40.0,0.15,0.02,0.026,0.165,0.075,0.034,0.1,15.0,0.15,7.213
2.0,40.0,0.45,0.06,0.13,0.165,0.075,0.034,0.1,15.0,0.75,7.214
2.0,40.0,0.15,0.02,0.026,0.099,0.225,0.0204,0.1,15.0,0.75,7.279
2.0,40.0,0.45,0.1,0.078,0.165,0.075,0.0204,0.1,15.0,0.75,7.29
2.0,40.0,0.45,0.02,0.13,0.165,0.075,0.034,0.1,15.0,0.75,7.29
1.2,24.0,0.45,0.1,0.026,0.033,0.075,0.034,0.5,3.0,0.75,7.324
1.2,40.0,0.15,0.02,0.13,0.033,0.225,0.0204,0.3,9.0,0.75,7.356
1.2,40.0,0.15,0.1,0.13,0.033,0.075,0.0204,0.5,15.0,0.75,7.406
2.0,24.0,0.15,0.02,0.026,0.033,0.075,0.034,0.5,3.0,0.75,7.493
2.0,24.0,0.15,0.1,0.026,0.033,0.075,0.034,0.3,3.0,0.75,7.496
2.0,40.0,0.45,0.1,0.026,0.165,0.075,0.034,0.1,15.0,0.75,7.513
0.4,40.0,0.45,0.02,0.026,0.033,0.075,0.0204,0.5,3.0,0.75,7.546
2.0,24.0,0.15,0.06,0.026,0.033,0.075,0.034,0.3,3.0,0.75,7.582
2.0,40.0,0.45,0.06,0.026,0.165,0.075,0.034,0.1,15.0,0.75,7.619
2.0,40.0,0.15,0.02,0.026,0.099,0.225,0.034,0.1,15.0,0.75,7.694
0.4,40.0,0.15,0.06,0.026,0.033,0.075,0.034,0.1,9.0,0.75,7.758
2.0,24.0,0.45,0.1,0.078,0.099,0.225,0.034,0.5,9.0,0.75,7.801
1.2,40.0,0.15,0.02,0.078,0.033,0.075,0.0204,0.1,15.0,0.45,7.816
2.0,40.0,0.15,0.06,0.13,0.033,0.225,0.034,0.5,15.0,0.75,7.828
2.0,40.0,0.45,0.06,0.078,0.099,0.075,0.0204,0.1,15.0,0.75,7.83
2.0,40.0,0.15,0.1,0.026,0.165,0.075,0.0204,0.1,15.0,0.75,7.834
2.0,40.0,0.45,0.02,0.13,0.165,0.225,0.034,0.1,15.0,0.75,7.853
2.0,40.0,0.75,0.1,0.13,0.033,0.075,0.0068,0.1,15.0,0.75,7.869
2.0,40.0,0.45,0.02,0.026,0.165,0.075,0.034,0.1,15.0,0.75,7.884
1.2,40.0,0.15,0.1,0.13,0.165,0.075,0.0068,0.3,15.0,0.45,7.943
1.2,24.0,0.45,0.1,0.078,0.033,0.075,0.034,0.3,3.0,0.75,7.97
2.0,24.0,0.45,0.06,0.026,0.033,0.075,0.034,0.3,3.0,0.75,7.992
2.0,40.0,0.15,0.1,0.13,0.033,0.075,0.0068,0.1,15.0,0.75,8.009
1.2,40.0,0.75,0.1,0.026,0.033,0.225,0.0204,0.5,15.0,0.45,8.109
1.2,40.0,0.15,0.06,0.026,0.165,0.075,0.0204,0.1,15.0,0.45,8.124
2.0,40.0,0.45,0.1,0.026,0.099,0.075,0.0204,0.1,15.0,0.75,8.204
1.2,40.0,0.15,0.02,0.13,0.099,0.225,0.0204,0.5,15.0,0.75,8.214
2.0,40.0,0.15,0.1,0.078,0.165,0.075,0.0068,0.1,15.0,0.45,8.219
0.4,40.0,0.15,0.06,0.026,0.033,0.075,0.0204,0.1,9.0,0.75,8.231
2.0,40.0,0.15,0.06,0.026,0.099,0.075,0.0068,0.1,9.0,0.45,8.262
2.0,40.0,0.15,0.1,0.026,0.165,0.075,0.0204,0.1,9.0,0.45,8.285
1.2,40.0,0.45,0.02,0.026,0.099,0.075,0.034,0.3,3.0,0.75,8.289
1.2,40.0,0.15,0.06,0.078,0.099,0.075,0.0068,0.5,15.0,0.45,8.31
2.0,24.0,0.75,0.02,0.026,0.033,0.375,0.0068,0.3,15.0,0.75,8.326
1.2,40.0,0.15,0.06,0.13,0.099,0.075,0.034,0.3,15.0,0.75,8.347
1.2,40.0,0.15,0.06,0.13,0.165,0.225,0.034,0.5,15.0,0.75,8.348
1.2,40.0,0.15,0.1,0.13,0.033,0.075,0.034,0.3,15.0,0.75,8.357
2.0,40.0,0.15,0.02,0.13,0.099,0.075,0.0204,0.1,15.0,0.75,8.376
2.0,40.0,0.45,0.1,0.078,0.099,0.075,0.0068,0.1,15.0,0.75,8.385
0.4,40.0,0.15,0.1,0.026,0.165,0.075,0.0204,0.1,9.0,0.75,8.392
1.2,40.0,0.15,0.06,0.026,0.099,0.075,0.0204,0.1,15.0,0.45,8.441
2.0,40.0,0.15,0.02,0.13,0.165,0.075,0.0204,0.1,15.0,0.75,8.495
1.2,24.0,0.15,0.1,0.026,0.033,0.075,0.034,0.3,9.0,0.75,8.497
2.0,40.0,0.45,0.02,0.13,0.099,0.075,0.0068,0.1,15.0,0.75,8.546
1.2,40.0,0.15,0.06,0.078,0.033,0.075,0.0068,0.3,15.0,0.45,8.605
2.0,40.0,0.75,0.06,0.026,0.165,0.075,0.0068,0.1,15.0,0.75,8.651
2.0,40.0,0.15,0.1,0.026,0.099,0.075,0.0204,0.1,15.0,0.75,8.653
2.0,40.0,0.45,0.06,0.078,0.165,0.075,0.0204,0.1,15.0,0.75,8.664
2.0,40.0,0.15,0.1,0.078,0.099,0.075,0.0068,0.1,15.0,0.75,8.727
0.4,40.0,0.15,0.02,0.078,0.165,0.375,0.0204,0.5,9.0,0.75,8.742
1.2,40.0,0.45,0.06,0.078,0.033,0.075,0.034,0.5,3.0,0.75,8.766
2.0,40.0,0.15,0.02,0.078,0.165,0.075,0.034,0.1,15.0,0.45,8.769
2.0,40.0,0.15,0.06,0.13,0.033,0.075,0.034,0.5,3.0,0.75,8.782
2.0,40.0,0.15,0.06,0.026,0.165,0.225,0.0068,0.3,15.0,0.75,8.802
0.4,40.0,0.45,0.02,0.078,0.033,0.075,0.034,0.5,3.0,0.75,8.831
1.2,40.0,0.15,0.06,0.078,0.033,0.075,0.034,0.5,3.0,0.75,8.882
1.2,40.0,0.15,0.02,0.026,0.099,0.075,0.0068,0.1,9.0,0.75,8.911
2.0,24.0,0.45,0.02,0.026,0.033,0.075,0.0204,0.3,3.0,0.75,8.915
1.2,40.0,0.45,0.02,0.026,0.099,0.075,0.034,0.1,15.0,0.75,8.959
1.2,40.0,0.15,0.06,0.078,0.165,0.225,0.0204,0.5,15.0,0.75,9.039
1.2,40.0,0.15,0.02,0.026,0.033,0.225,0.0068,0.5,15.0,0.75,9.046
2.0,40.0,0.75,0.1,0.078,0.033,0.075,0.0204,0.1,15.0,0.75,9.071
1.2,40.0,0.15,0.1,0.026,0.033,0.075,0.0204,0.1,3.0,0.75,9.102
1.2,24.0,0.45,0.1,0.026,0.033,0.075,0.034,0.5,9.0,0.75,9.121
1.2,40.0,0.15,0.02,0.13,0.165,0.075,0.0068,0.5,15.0,0.75,9.126
1.2,40.0,0.45,0.06,0.026,0.165,0.225,0.034,0.3,15.0,0.75,9.145
1.2,40.0,0.15,0.02,0.078,0.165,0.225,0.034,0.5,15.0,0.75,9.151
2.0,40.0,0.15,0.1,0.078,0.165,0.075,0.0204,0.5,15.0,0.75,9.16
2.0,40.0,0.75,0.02,0.078,0.099,0.075,0.0204,0.1,15.0,0.75,9.192
2.0,40.0,0.15,0.1,0.026,0.033,0.075,0.0068,0.1,15.0,0.45,9.197
1.2,40.0,0.15,0.1,0.026,0.165,0.075,0.034,0.1,9.0,0.75,9.2
1.2,40.0,0.45,0.06,0.026,0.099,0.075,0.0204,0.1,15.0,0.75,9.229
1.2,40.0,0.45,0.1,0.078,0.033,0.075,0.034,0.5,3.0,0.75,9.232
2.0,40.0,0.45,0.06,0.078,0.099,0.075,0.0068,0.1,15.0,0.75,9.26
2.0,40.0,0.15,0.02,0.078,0.033,0.075,0.034,0.5,3.0,0.75,9.263
2.0,40.0,0.15,0.06,0.078,0.099,0.225,0.034,0.3,15.0,0.75,9.319
2.0,40.0,0.75,0.02,0.026,0.033,0.075,0.0204,0.5,9.0,0.75,9.331
2.0,40.0,0.15,0.06,0.026,0.099,0.075,0.0204,0.1,3.0,0.75,9.347
2.0,40.0,0.15,0.02,0.026,0.033,0.075,0.0068,0.1,15.0,0.45,9.358
2.0,40.0,0.45,0.1,0.078,0.033,0.075,0.0204,0.1,15.0,0.75,9.374
2.0,40.0,0.45,0.1,0.078,0.099,0.225,0.0204,0.3,15.0,0.75,9.416
1.2,40.0,0.75,0.02,0.026,0.033,0.075,0.034,0.5,9.0,0.75,9.45
2.0,40.0,0.15,0.06,0.078,0.033,0.075,0.0204,0.5,3.0,0.75,9.501
2.0,40.0,0.45,0.1,0.13,0.033,0.225,0.0204,0.3,15.0,0.75,9.51
2.0,40.0,0.15,0.1,0.078,0.099,0.075,0.0204,0.1,15.0,0.75,9.511
2.0,40.0,0.45,0.02,0.078,0.099,0.075,0.0068,0.1,9.0,0.75,9.56
2.0,40.0,0.15,0.02,0.026,0.165,0.075,0.0068,0.1,9.0,0.75,9.56
2.0,40.0,0.45,0.06,0.13,0.033,0.075,0.0068,0.1,15.0,0.75,9.561
1.2,40.0,0.15,0.06,0.026,0.033,0.075,0.0204,0.3,15.0,0.45,9.576
2.0,24.0,0.45,0.02,0.026,0.033,0.075,0.034,0.5,9.0,0.75,9.625
1.2,40.0,0.45,0.1,0.026,0.033,0.075,0.034,0.1,15.0,0.75,9.638
2.0,40.0,0.45,0.06,0.13,0.165,0.075,0.0068,0.1,15.0,0.75,9.68
2.0,40.0,0.45,0.06,0.078,0.033,0.075,0.034,0.5,3.0,0.75,9.695
2.0,40.0,0.45,0.02,0.026,0.033,0.075,0.0204,0.5,3.0,0.75,9.702
2.0,40.0,0.15,0.06,0.13,0.165,0.075,0.0068,0.3,15.0,0.75,9.729
1.2,40.0,0.15,0.02,0.13,0.033,0.075,0.0068,0.5,15.0,0.75,9.729
1.2,40.0,0.15,0.1,0.026,0.099,0.075,0.034,0.5,3.0,0.75,9.743
2.0,40.0,0.45,0.02,0.13,0.099,0.075,0.034,0.3,9.0,0.75,9.745
4.0,80.0,0.15,0.1,0.026,0.33,0.075,0.034,0.5,9.0,1.5,9.807
2.0,40.0,0.15,0.02,0.026,0.099,0.075,0.0068,0.1,15.0,0.45,9.809
2.0,40.0,0.15,0.1,0.078,0.165,0.075,0.034,0.1,9.0,0.75,9.824
0.4,40.0,0.15,0.06,0.026,0.033,0.075,0.0068,0.5,3.0,0.75,9.84
1.2,40.0,0.15,0.06,0.026,0.033,0.225,0.034,0.5,3.0,0.75,9.854
1.2,40.0,0.15,0.02,0.078,0.165,0.075,0.0068,0.5,15.0,0.45,9.856
2.0,40.0,0.15,0.02,0.13,0.165,0.075,0.0068,0.3,15.0,0.45,9.879
1.2,40.0,0.15,0.1,0.026,0.099,0.075,0.0068,0.1,9.0,0.75,9.885
2.0,40.0,0.45,0.02,0.026,0.033,0.075,0.034,0.1,15.0,0.75,9.895
1.2,40.0,0.15,0.1,0.026,0.099,0.075,0.034,0.3,15.0,0.75,9.91
2.0,40.0,0.75,0.1,0.026,0.033,0.075,0.034,0.5,9.0,0.75,9.929
2.0,40.0,0.15,0.02,0.13,0.033,0.225,0.0204,0.3,9.0,0.75,9.931
2.0,40.0,0.45,0.02,0.13,0.033,0.075,0.0204,0.1,15.0,0.75,9.933
2.0,40.0,0.45,0.06,0.026,0.033,0.075,0.034,0.5,3.0,0.75,9.949
2.0,40.0,0.45,0.1,0.13,0.033,0.075,0.0068,0.1,9.0,0.75,9.959
2.0,40.0,0.15,0.02,0.078,0.165,0.075,0.0204,0.3,15.0,0.75,9.963
1.2,40.0,0.75,0.02,0.026,0.099,0.375,0.034,0.3,15.0,0.75,10.0
1.2,40.0,0.45,0.02,0.026,0.033,0.075,0.0204,0.1,15.0,0.75,10.004
2.0,40.0,0.15,0.1,0.13,0.033,0.075,0.0204,0.3,15.0,0.75,10.031
1.2,40.0,0.15,0.02,0.026,0.033,0.075,0.034,0.5,3.0,0.75,10.035
2.0,40.0,0.45,0.02,0.026,0.165,0.225,0.034,0.5,15.0,0.75,10.06
2.0,40.0,0.15,0.02,0.13,0.033,0.075,0.0204,0.3,15.0,0.75,10.06
2.0,40.0,0.45,0.06,0.026,0.099,0.075,0.0068,0.1,15.0,0.75,10.066
2.0,40.0,0.45,0.02,0.13,0.165,0.225,0.0068,0.3,9.0,0.75,10.073
0.4,40.0,0.45,0.1,0.078,0.033,0.075,0.034,0.1,3.0,0.75,10.088
2.0,40.0,0.45,0.02,0.13,0.033,0.075,0.034,0.3,15.0,0.75,10.103
2.0,40.0,0.15,0.1,0.026,0.099,0.075,0.0068,0.5,15.0,0.45,10.119
1.2,40.0,0.15,0.02,0.026,0.099,0.075,0.034,0.5,3.0,0.75,10.153
1.2,40.0,0.45,0.06,0.026,0.033,0.075,0.034,0.5,3.0,0.75,10.159
1.2,40.0,0.45,0.02,0.078,0.099,0.075,0.0204,0.5,15.0,0.75,10.168
2.0,40.0,0.15,0.06,0.078,0.099,0.075,0.0068,0.1,9.0,0.75,10.179
2.0,40.0,0.45,0.02,0.13,0.165,0.075,0.0068,0.1,9.0,0.75,10.188
2.0,40.0,0.15,0.02,0.078,0.033,0.075,0.0204,0.3,15.0,0.75,10.213
1.2,40.0,0.15,0.06,0.026,0.033,0.075,0.034,0.3,3.0,0.75,10.237
2.0,40.0,0.45,0.02,0.13,0.165,0.075,0.034,0.3,9.0,0.75,10.243
2.0,40.0,0.45,0.02,0.078,0.033,0.075,0.034,0.3,15.0,0.75,10.262
0.4,40.0,0.45,0.1,0.026,0.033,0.075,0.034,0.5,3.0,0.75,10.28
2.0,40.0,0.15,0.1,0.078,0.033,0.075,0.034,0.1,9.0,0.75,10.293
2.0,40.0,0.45,0.02,0.026,0.099,0.075,0.034,0.1,15.0,0.75,10.316
1.2,40.0,0.15,0.02,0.026,0.033,0.075,0.034,0.1,9.0,0.75,10.372
1.2,40.0,0.15,0.02,0.026,0.033,0.075,0.034,0.3,3.0,0.75,10.398
2.0,80.0,0.15,0.02,0.026,0.033,0.075,0.0068,0.1,9.0,1.5,10.398
0.4,40.0,0.45,0.02,0.026,0.033,0.075,0.0204,0.1,3.0,0.75,10.443
1.2,40.0,0.45,0.02,0.078,0.165,0.075,0.0204,0.5,15.0,0.75,10.454
1.2,40.0,0.15,0.1,0.026,0.033,0.225,0.034,0.5,15.0,0.75,10.457
2.0,40.0,0.45,0.1,0.026,0.099,0.075,0.034,0.3,15.0,0.75,10.483
2.0,40.0,0.15,0.02,0.078,0.099,0.075,0.034,0.1,9.0,0.75,10.487
2.0,40.0,0.15,0.06,0.13,0.033,0.225,0.0204,0.3,9.0,0.75,10.504
2.0,40.0,0.15,0.02,0.026,0.033,0.225,0.034,0.3,3.0,0.75,10.518
2.0,40.0,0.45,0.1,0.078,0.033,0.075,0.0068,0.1,15.0,0.75,10.536
2.0,40.0,0.15,0.1,0.026,0.033,0.075,0.0204,0.1,9.0,0.75,10.541
1.2,40.0,0.15,0.1,0.078,0.033,0.075,0.0068,0.3,15.0,0.45,10.598
2.0,40.0,0.45,0.1,0.078,0.099,0.225,0.0068,0.3,15.0,0.75,10.6
1.2,40.0,0.15,0.02,0.026,0.033,0.075,0.034,0.5,9.0,0.75,10.668
2.0,40.0,0.45,0.06,0.078,0.033,0.075,0.034,0.3,15.0,0.75,10.68
2.0,40.0,0.15,0.1,0.026,0.099,0.075,0.0068,0.1,9.0,0.75,10.691
1.2,40.0,0.15,0.06,0.078,0.033,0.075,0.0204,0.5,15.0,0.75,10.706
1.2,40.0,0.15,0.1,0.026,0.033,0.075,0.0068,0.1,9.0,0.75,10.77
2.0,40.0,0.15,0.02,0.026,0.099,0.075,0.034,0.1,9.0,0.75,10.773
1.2,40.0,0.45,0.06,0.026,0.033,0.075,0.034,0.1,3.0,0.75,10.791
2.0,40.0,0.75,0.1,0.026,0.099,0.075,0.034,0.1,15.0,0.75,10.797
2.0,40.0,0.75,0.1,0.13,0.099,0.075,0.034,0.1,15.0,0.75,10.8
2.0,40.0,0.15,0.02,0.026,0.033,0.075,0.034,0.5,9.0,0.75,10.818
1.2,40.0,0.15,0.1,0.026,0.165,0.075,0.0204,0.3,15.0,0.45,10.82
1.2,40.0,0.15,0.1,0.026,0.099,0.075,0.034,0.3,15.0,0.75,10.837
2.0,40.0,0.15,0.02,0.026,0.099,0.075,0.0068,0.5,15.0,0.75,10.843
2.0,40.0,0.15,0.1,0.026,0.033,0.075,0.0204,0.1,9.0,0.75,10.855
2.0,40.0,0.45,0.02,0.078,0.099,0.075,0.034,0.3,15.0,0.75,10.888
2.0,40.0,0.45,0.06,0.13,0.165,0.075,0.0204,0.3,9.0,0.75,10.889
2.0,40.0,0.15,0.02,0.026,0.033,0.075,0.034,0.5,15.0,0.75,10.897
2.0,40.0,0.15,0.1,0.026,0.033,0.075,0.0068,0.5,15.0,0.75,10.899
2.0,40.0,0.45,0.1,0.026,0.099,0.225,0.0068,0.3,15.0,0.75,10.917
1.2,40.0,0.15,0.1,0.026,0.099,0.075,0.0068,0.3,15.0,0.75,10.961
2.0,40.0,0.45,0.06,0.026,0.099,0.075,0.034,0.5,3.0,0.75,11.003
2.0,40.0,0.45,0.02,0.078,0.099,0.075,0.0068,0.1,15.0,0.75,11.029
1.2,40.0,0.15,0.06,0.026,0.033,0.075,0.034,0.3,9.0,0.75,11.033
2.0,40.0,0.45,0.06,0.078,0.165,0.075,0.0068,0.3,15.0,0.75,11.061
2.0,40.0,0.45,0.06,0.026,0.165,0.075,0.034,0.3,15.0,0.75,11.068
2.0,40.0,0.45,0.02,0.078,0.033,0.075,0.0068,0.1,15.0,0.75,11.127
2.0,40.0,0.15,0.02,0.078,0.165,0.075,0.034,0.3,15.0,0.75,11.168
2.0,40.0,0.15,0.06,0.13,0.033,0.075,0.0068,0.3,9.0,0.75,11.168
2.0,40.0,0.45,0.1,0.026,0.165,0.075,0.034,0.3,15.0,0.75,11.188
2.0,40.0,0.45,0.02,0.13,0.033,0.075,0.0068,0.3,9.0,0.75,11.216
1.2,40.0,0.45,0.06,0.026,0.033,0.075,0.0204,0.1,3.0,0.75,11.232
2.0,40.0,0.45,0.06,0.026,0.099,0.075,0.0204,0.1,9.0,0.75,11.256
2.0,40.0,0.15,0.02,0.026,0.033,0.075,0.0204,0.1,9.0,0.75,11.268
2.0,40.0,0.15,0.06,0.026,0.033,0.075,0.0204,0.5,9.0,0.75,11.278
2.0,40.0,0.15,0.06,0.13,0.165,0.075,0.0068,0.3,9.0,0.75,11.319
1.2,40.0,0.45,0.1,0.078,0.165,0.075,0.0068,0.3,15.0,0.75,11.325
1.2,40.0,0.45,0.02,0.078,0.099,0.075,0.0068,0.3,15.0,0.75,11.325
1.2,40.0,0.45,0.02,0.026,0.033,0.075,0.034,0.5,9.0,0.75,11.328
2.0,40.0,0.45,0.02,0.078,0.033,0.075,0.0204,0.1,15.0,0.75,11.329
1.2,40.0,0.15,0.06,0.026,0.099,0.075,0.0204,0.3,15.0,0.75,11.349
2.0,40.0,0.45,0.02,0.026,0.165,0.225,0.0204,0.3,15.0,0.75,11.356
2.0,40.0,0.45,0.1,0.13,0.033,0.075,0.0204,0.1,9.0,0.75,11.363
2.0,40.0,0.45,0.02,0.026,0.099,0.225,0.034,0.3,15.0,0.75,11.365
2.0,40.0,0.15,0.06,0.078,0.033,0.075,0.034,0.1,9.0,0.75,11.388
2.0,40.0,0.15,0.1,0.026,0.165,0.075,0.034,0.3,9.0,0.75,11.399
4.0,80.0,0.15,0.1,0.078,0.033,0.075,0.068,0.5,9.0,1.5,11.405
2.0,40.0,0.15,0.02,0.026,0.165,0.075,0.0204,0.3,15.0,0.45,11.407
2.0,40.0,0.45,0.1,0.078,0.033,0.075,0.034,0.1,9.0,0.75,11.408
1.2,40.0,0.15,0.02,0.026,0.165,0.075,0.0068,0.3,15.0,0.75,11.409
2.0,40.0,0.45,0.06,0.13,0.033,0.075,0.0204,0.3,9.0,0.75,11.413
2.0,40.0,0.15,0.02,0.13,0.165,0.225,0.0204,0.3,9.0,0.75,11.424
2.0,40.0,0.15,0.02,0.13,0.033,0.225,0.0068,0.3,9.0,0.75,11.424
2.0,40.0,0.45,0.02,0.13,0.165,0.225,0.0204,0.3,9.0,0.75,11.436
2.0,40.0,0.45,0.1,0.026,0.033,0.075,0.034,0.3,15.0,0.75,11.457
2.0,40.0,0.45,0.02,0.078,0.165,0.075,0.034,0.1,9.0,0.75,11.473
2.0,40.0,0.15,0.06,0.026,0.033,0.225,0.0068,0.3,9.0,0.75,11.475
2.0,40.0,0.45,0.02,0.026,0.165,0.225,0.034,0.3,15.0,0.75,11.479
2.0,40.0,0.45,0.02,0.13,0.099,0.075,0.0204,0.3,15.0,0.75,11.519
2.0,40.0,0.45,0.1,0.13,0.165,0.075,0.034,0.1,9.0,0.75,11.528
1.2,40.0,0.45,0.1,0.026,0.033,0.075,0.0204,0.3,3.0,0.75,11.546
1.2,40.0,0.45,0.02,0.026,0.165,0.075,0.0068,0.5,15.0,0.75,11.605
2.0,40.0,0.15,0.02,0.13,0.099,0.225,0.0068,0.3,9.0,0.75,11.615
2.0,40.0,0.45,0.06,0.026,0.099,0.075,0.034,0.3,15.0,0.75,11.632
2.0,40.0,0.15,0.06,0.13,0.033,0.225,0.0068,0.3,9.0,0.75,11.667
2.0,40.0,0.15,0.06,0.13,0.165,0.075,0.0204,0.3,9.0,0.75,11.686
2.0,40.0,0.45,0.02,0.026,0.165,0.075,0.034,0.3,15.0,0.75,11.688
2.0,40.0,0.15,0.06,0.078,0.033,0.075,0.0068,0.3,15.0,0.75,11.695
2.0,40.0,0.45,0.02,0.026,0.033,0.075,0.034,0.1,15.0,0.75,11.702
2.0,40.0,0.15,0.1,0.026,0.099,0.075,0.0068,0.1,9.0,0.75,11.724
2.0,40.0,0.45,0.06,0.026,0.099,0.075,0.0204,0.1,9.0,0.75,11.749
2.0,40.0,0.15,0.1,0.026,0.033,0.225,0.0068,0.3,15.0,0.45,11.77
2.0,40.0,0.15,0.02,0.13,0.033,0.225,0.034,0.3,9.0,0.75,11.788
2.0,40.0,0.15,0.02,0.13,0.099,0.225,0.0204,0.3,9.0,0.75,11.832
2.0,40.0,0.15,0.02,0.13,0.165,0.075,0.034,0.3,9.0,0.75,11.845
2.0,40.0,0.45,0.06,0.026,0.165,0.075,0.0204,0.3,15.0,0.75,11.858
1.2,40.0,0.45,0.1,0.078,0.165,0.075,0.0204,0.3,15.0,0.75,11.865
1.2,40.0,0.15,0.02,0.026,0.033,0.075,0.034,0.3,9.0,0.75,11.887
2.0,40.0,0.15,0.1,0.026,0.165,0.075,0.0068,0.3,15.0,0.75,11.937
4.0,80.0,0.15,0.02,0.026,0.033,0.075,0.0068,0.5,9.0,1.5,12.024
2.0,40.0,0.45,0.02,0.026,0.099,0.075,0.034,0.3,15.0,0.75,12.07
2.0,40.0,0.15,0.02,0.13,0.099,0.075,0.0204,0.3,9.0,0.75,12.072
2.0,40.0,0.15,0.06,0.13,0.033,0.225,0.034,0.3,9.0,0.75,12.077
2.0,40.0,0.15,0.06,0.026,0.099,0.075,0.0204,0.3,15.0,0.75,12.087
2.0,40.0,0.15,0.02,0.078,0.165,0.225,0.0068,0.3,9.0,0.75,12.088
2.0,40.0,0.15,0.06,0.13,0.099,0.225,0.0204,0.3,9.0,0.75,12.093
2.0,40.0,0.15,0.06,0.13,0.099,0.075,0.0068,0.3,9.0,0.75,12.099
2.0,40.0,0.15,0.02,0.13,0.165,0.075,0.0204,0.3,9.0,0.75,12.1
2.0,40.0,0.45,0.02,0.026,0.033,0.075,0.034,0.3,15.0,0.75,12.133
2.0,40.0,0.45,0.06,0.13,0.033,0.075,0.0204,0.3,15.0,0.75,12.142
2.0,40.0,0.15,0.1,0.026,0.033,0.225,0.0204,0.3,15.0,0.75,12.17
2.0,40.0,0.45,0.1,0.026,0.033,0.225,0.034,0.3,15.0,0.75,12.172
4.0,80.0,0.15,0.06,0.078,0.033,0.075,0.034,0.5,9.0,1.5,12.195
1.2,40.0,0.15,0.06,0.026,0.099,0.075,0.034,0.3,15.0,0.45,12.207
2.0,40.0,0.45,0.02,0.026,0.033,0.075,0.034,0.1,3.0,0.75,12.239
2.0,40.0,0.15,0.06,0.026,0.033,0.075,0.034,0.3,15.0,0.75,12.263
1.2,40.0,0.75,0.1,0.026,0.033,0.075,0.034,0.3,9.0,0.75,12.284
2.0,40.0,0.15,0.02,0.13,0.099,0.225,0.034,0.3,9.0,0.75,12.291
1.2,40.0,0.15,0.02,0.026,0.099,0.075,0.0068,0.3,15.0,0.75,12.295
2.0,40.0,0.45,0.02,0.13,0.099,0.075,0.0204,0.1,9.0,0.75,12.337
2.0,40.0,0.45,0.02,0.026,0.099,0.075,0.034,0.1,3.0,0.75,12.361
2.0,40.0,0.15,0.06,0.026,0.033,0.225,0.0204,0.3,9.0,0.75,12.372
2.0,40.0,0.45,0.02,0.078,0.165,0.075,0.034,0.3,9.0,0.75,12.374
2.0,40.0,0.45,0.02,0.13,0.165,0.075,0.0204,0.3,9.0,0.75,12.378
0.4,40.0,0.45,0.1,0.026,0.033,0.075,0.0204,0.3,3.0,0.75,12.402
2.0,40.0,0.45,0.1,0.026,0.099,0.075,0.0068,0.3,15.0,0.75,12.456
2.0,40.0,0.45,0.1,0.13,0.099,0.075,0.034,0.1,9.0,0.75,12.46
1.2,40.0,0.45,0.1,0.026,0.033,0.075,0.034,0.5,9.0,0.75,12.481
2.0,40.0,0.45,0.02,0.026,0.033,0.075,0.0068,0.3,3.0,0.75,12.493
1.2,40.0,0.45,0.02,0.026,0.033,0.075,0.0204,0.3,3.0,0.75,12.508
4.0,80.0,0.15,0.06,0.026,0.099,0.075,0.0204,0.5,9.0,1.5,12.532
2.0,40.0,0.45,0.1,0.026,0.099,0.075,0.034,0.1,3.0,0.75,12.54
1.2,40.0,0.45,0.1,0.026,0.099,0.075,0.034,0.3,3.0,0.75,12.551
1.2,40.0,0.15,0.06,0.026,0.033,0.075,0.0068,0.3,15.0,0.75,12.57
2.0,40.0,0.45,0.06,0.13,0.165,0.075,0.034,0.3,9.0,0.75,12.582
2.0,40.0,0.15,0.06,0.078,0.099,0.225,0.0204,0.3,9.0,0.75,12.621
2.0,40.0,0.75,0.02,0.026,0.165,0.075,0.0204,0.1,15.0,0.75,12.65
2.0,40.0,0.15,0.02,0.026,0.099,0.075,0.034,0.3,15.0,0.45,12.661
2.0,40.0,0.45,0.1,0.078,0.099,0.075,0.0068,0.1,9.0,0.75,12.671
2.0,40.0,0.45,0.02,0.13,0.165,0.075,0.0068,0.3,9.0,0.75,12.676
2.0,40.0,0.15,0.02,0.026,0.033,0.225,0.0068,0.3,15.0,0.75,12.681
2.0,40.0,0.15,0.02,0.026,0.033,0.225,0.0204,0.3,9.0,0.75,12.7
2.0,40.0,0.15,0.02,0.026,0.033,0.225,0.034,0.3,15.0,0.45,12.71
2.0,40.0,0.45,0.02,0.13,0.099,0.075,0.0204,0.3,9.0,0.75,12.721
4.0,80.0,0.15,0.06,0.078,0.033,0.225,0.034,0.5,9.0,1.5,12.738
2.0,40.0,0.15,0.02,0.026,0.165,0.225,0.034,0.3,9.0,0.75,12.743
1.2,40.0,0.15,0.02,0.026,0.099,0.075,0.0068,0.3,15.0,0.75,12.75
2.0,40.0,0.15,0.02,0.026,0.033,0.075,0.0068,0.3,15.0,0.75,12.78
2.0,40.0,0.45,0.02,0.026,0.033,0.075,0.034,0.1,9.0,0.75,12.797
4.0,80.0,0.15,0.06,0.026,0.033,0.075,0.0204,0.1,9.0,1.5,12.841
4.0,80.0,0.15,0.02,0.026,0.033,0.225,0.068,0.5,9.0,1.5,12.888
4.0,80.0,0.15,0.2,0.078,0.099,0.075,0.0068,0.5,9.0,1.5,12.961
2.0,40.0,0.15,0.02,0.078,0.165,0.225,0.034,0.3,9.0,0.75,12.962
2.0,40.0,0.15,0.1,0.026,0.033,0.225,0.0204,0.3,9.0,0.75,12.983
2.0,40.0,0.15,0.02,0.026,0.099,0.075,0.0068,0.3,9.0,0.75,13.018
2.0,40.0,0.15,0.06,0.026,0.099,0.075,0.0204,0.3,9.0,0.75,13.034
2.0,40.0,0.15,0.1,0.026,0.165,0.075,0.0204,0.1,9.0,0.75,13.045
2.0,40.0,0.45,0.1,0.026,0.099,0.225,0.034,0.3,15.0,0.75,13.062
4.0,80.0,0.15,0.06,0.26,0.033,0.075,0.068,0.1,9.0,1.5,13.073
2.0,40.0,0.45,0.02,0.078,0.099,0.075,0.0068,0.3,15.0,0.75,13.114
2.0,40.0,0.75,0.02,0.026,0.033,0.075,0.034,0.1,9.0,0.75,13.119
4.0,80.0,0.15,0.2,0.026,0.033,0.075,0.0204,0.5,9.0,1.5,13.125
4.0,80.0,0.15,0.02,0.078,0.033,0.225,0.068,0.1,9.0,1.5,13.195
4.0,80.0,0.15,0.1,0.13,0.033,0.225,0.068,0.1,9.0,1.5,13.212
2.0,40.0,0.45,0.1,0.026,0.033,0.075,0.0204,0.3,9.0,0.75,13.274
4.0,80.0,0.15,0.06,0.078,0.099,0.075,0.0204,0.5,9.0,1.5,13.322
4.0,80.0,0.45,0.1,0.026,0.099,0.075,0.0068,0.5,9.0,1.5,13.339
2.0,40.0,0.45,0.02,0.078,0.165,0.075,0.0068,0.3,9.0,0.75,13.399
2.0,40.0,0.45,0.02,0.026,0.033,0.075,0.0068,0.3,15.0,0.75,13.423
4.0,80.0,0.45,0.06,0.026,0.165,0.075,0.034,0.5,9.0,1.5,13.485
4.0,80.0,0.15,0.02,0.078,0.165,0.075,0.0068,0.5,9.0,1.5,13.485
4.0,80.0,0.15,0.02,0.078,0.165,0.075,0.0204,0.5,9.0,1.5,13.498
4.0,80.0,0.15,0.1,0.078,0.099,0.075,0.0204,0.5,9.0,1.5,13.513
4.0,80.0,0.15,0.02,0.078,0.165,0.075,0.034,0.5,9.0,1.5,13.599
4.0,80.0,0.15,0.02,0.13,0.165,0.075,0.0068,0.5,9.0,1.5,13.629
4.0,80.0,0.15,0.02,0.078,0.099,0.075,0.034,0.5,9.0,1.5,13.63
2.0,40.0,0.45,0.06,0.026,0.033,0.075,0.034,0.3,9.0,0.75,13.654
4.0,80.0,0.15,0.06,0.026,0.033,0.225,0.068,0.5,9.0,1.5,13.66
2.0,40.0,0.15,0.1,0.026,0.099,0.225,0.034,0.3,9.0,0.75,13.69
4.0,80.0,0.15,0.02,0.26,0.033,0.075,0.0068,0.1,9.0,1.5,13.691
2.0,40.0,0.15,0.02,0.026,0.165,0.075,0.0068,0.3,9.0,0.75,13.7
2.0,40.0,0.45,0.06,0.026,0.099,0.075,0.0068,0.3,15.0,0.75,13.754
2.0,40.0,0.45,0.06,0.078,0.165,0.075,0.034,0.3,9.0,0.75,13.755
2.0,40.0,0.45,0.06,0.026,0.165,0.225,0.0068,0.3,15.0,0.75,13.755
2.0,40.0,0.15,0.02,0.078,0.099,0.075,0.034,0.3,9.0,0.75,13.791
2.0,40.0,0.45,0.02,0.026,0.099,0.075,0.0204,0.3,15.0,0.75,13.962
2.0,40.0,0.45,0.02,0.026,0.099,0.075,0.0068,0.3,15.0,0.75,13.978
4.0,80.0,0.15,0.1,0.026,0.033,0.225,0.068,0.5,9.0,1.5,14.01
4.0,80.0,0.15,0.02,0.026,0.165,0.225,0.068,0.5,9.0,1.5,14.025
2.0,40.0,0.15,0.02,0.078,0.033,0.225,0.034,0.3,9.0,0.75,14.051
2.0,40.0,0.15,0.06,0.026,0.033,0.075,0.0068,0.3,9.0,0.75,14.054
4.0,80.0,0.15,0.06,0.026,0.099,0.225,0.068,0.5,9.0,1.5,14.155
4.0,80.0,0.15,0.2,0.13,0.165,0.075,0.0068,0.1,9.0,1.5,14.243
4.0,80.0,0.15,0.2,0.13,0.099,0.075,0.0204,0.5,9.0,1.5,14.261
4.0,80.0,0.15,0.06,0.13,0.33,0.075,0.0068,0.1,9.0,1.5,14.325
4.0,80.0,0.15,0.1,0.026,0.033,0.225,0.0204,0.5,9.0,1.5,14.396
4.0,80.0,0.15,0.02,0.078,0.033,0.075,0.034,0.1,9.0,1.5,14.433
2.0,40.0,0.15,0.02,0.13,0.165,0.225,0.034,0.3,9.0,0.75,14.462
4.0,80.0,0.45,0.06,0.026,0.033,0.075,0.068,0.5,9.0,1.5,14.505
4.0,80.0,0.15,0.1,0.13,0.033,0.225,0.0068,0.1,9.0,1.5,14.517
4.0,80.0,0.15,0.1,0.026,0.165,0.225,0.068,0.5,9.0,1.5,14.53
4.0,80.0,0.15,0.06,0.026,0.33,0.225,0.0068,0.1,9.0,1.5,14.571
2.0,40.0,0.45,0.02,0.026,0.033,0.075,0.0204,0.3,15.0,0.75,14.587
4.0,80.0,0.75,0.02,0.026,0.033,0.075,0.0068,0.5,9.0,1.5,14.59
4.0,80.0,0.15,0.02,0.078,0.033,0.075,0.0068,0.1,9.0,1.5,14.627
4.0,80.0,0.15,0.02,0.13,0.165,0.075,0.068,0.5,9.0,1.5,14.63
4.0,80.0,0.15,0.06,0.13,0.033,0.075,0.034,0.1,9.0,1.5,14.678
4.0,80.0,0.15,0.2,0.13,0.165,0.075,0.068,0.1,9.0,1.5,14.936
4.0,80.0,0.15,0.2,0.13,0.099,0.075,0.034,0.1,9.0,1.5,15.064
4.0,80.0,0.15,0.1,0.13,0.33,0.075,0.0204,0.1,9.0,1.5,15.086
4.0,80.0,0.15,0.1,0.026,0.33,0.075,0.0204,0.1,9.0,1.5,15.128
4.0,80.0,0.15,0.06,0.026,0.165,0.075,0.0204,0.3,9.0,1.5,15.186
4.0,80.0,0.15,0.1,0.13,0.165,0.075,0.034,0.1,9.0,1.5,15.203
2.0,40.0,0.45,0.06,0.026,0.033,0.075,0.034,0.3,9.0,0.75,15.358
4.0,80.0,0.15,0.06,0.026,0.033,0.075,0.0068,0.1,9.0,1.5,15.382
4.0,80.0,0.15,0.06,0.13,0.165,0.225,0.0204,0.1,9.0,1.5,15.398
4.0,80.0,0.15,0.02,0.13,0.33,0.075,0.0204,0.1,9.0,1.5,15.41
4.0,80.0,0.15,0.06,0.078,0.33,0.075,0.068,0.5,9.0,1.5,15.416
4.0,80.0,0.15,0.2,0.078,0.33,0.075,0.0204,0.3,9.0,1.5,15.429
4.0,80.0,0.15,0.1,0.078,0.099,0.075,0.0204,0.1,9.0,1.5,15.479
2.0,40.0,0.45,0.1,0.078,0.033,0.075,0.0068,0.1,9.0,0.75,15.488
4.0,80.0,0.15,0.06,0.13,0.099,0.225,0.034,0.1,9.0,1.5,15.523
2.0,40.0,0.45,0.06,0.026,0.033,0.075,0.0204,0.3,9.0,0.75,15.569
4.0,80.0,0.15,0.06,0.078,0.165,0.075,0.068,0.1,9.0,1.5,15.581
2.0,40.0,0.45,0.06,0.13,0.033,0.075,0.0068,0.1,9.0,0.75,15.692
4.0,80.0,0.15,0.1,0.078,0.165,0.075,0.0204,0.5,9.0,1.5,15.699
4.0,80.0,0.15,0.1,0.13,0.33,0.075,0.034,0.1,9.0,1.5,15.759
2.0,40.0,0.15,0.06,0.026,0.033,0.225,0.0204,0.3,9.0,0.75,15.77
4.0,80.0,1.5,0.2,0.026,0.099,0.075,0.0204,0.3,9.0,1.5,15.946
4.0,80.0,0.15,0.2,0.026,0.33,0.075,0.0204,0.1,9.0,1.5,16.131
4.0,80.0,0.15,0.06,0.026,0.33,0.075,0.0204,0.1,9.0,1.5,16.131
4.0,80.0,0.15,0.2,0.026,0.033,0.225,0.0204,0.3,9.0,1.5,16.212
4.0,80.0,0.15,0.06,0.026,0.099,0.075,0.034,0.1,9.0,1.5,16.249
4.0,80.0,0.15,0.1,0.078,0.165,0.075,0.0204,0.1,9.0,1.5,16.264
4.0,80.0,0.15,0.06,0.078,0.099,0.225,0.068,0.3,9.0,1.5,16.318
4.0,80.0,1.5,0.2,0.026,0.099,0.075,0.068,0.3,9.0,1.5,16.321
4.0,80.0,0.15,0.02,0.13,0.33,0.075,0.034,0.3,9.0,1.5,16.369
4.0,80.0,0.15,0.02,0.13,0.033,0.075,0.034,0.3,9.0,1.5,16.375
2.0,40.0,0.45,0.1,0.026,0.033,0.075,0.0204,0.1,9.0,0.75,16.469
4.0,80.0,0.15,0.06,0.026,0.165,0.225,0.034,0.1,9.0,1.5,16.493
4.0,80.0,0.45,0.02,0.078,0.033,0.075,0.034,0.5,9.0,1.5,16.533
4.0,80.0,0.15,0.1,0.026,0.165,0.075,0.034,0.1,9.0,1.5,16.557
4.0,80.0,0.45,0.02,0.026,0.165,0.075,0.068,0.1,9.0,1.5,16.594
4.0,80.0,0.15,0.06,0.026,0.33,0.075,0.0068,0.1,9.0,1.5,16.618
4.0,80.0,0.45,0.06,0.078,0.033,0.075,0.068,0.1,9.0,1.5,16.641
4.0,80.0,0.15,0.02,0.13,0.33,0.075,0.034,0.1,9.0,1.5,16.647
4.0,80.0,0.45,0.2,0.026,0.099,0.075,0.068,0.5,9.0,1.5,16.669
4.0,80.0,0.15,0.06,0.078,0.033,0.225,0.0068,0.3,9.0,1.5,16.724
4.0,80.0,0.45,0.02,0.026,0.033,0.075,0.068,0.3,9.0,1.5,16.738
4.0,80.0,0.15,0.06,0.078,0.033,0.225,0.034,0.3,9.0,1.5,16.744
4.0,80.0,0.45,0.06,0.026,0.033,0.225,0.068,0.1,9.0,1.5,16.787
4.0,80.0,0.15,0.2,0.026,0.165,0.225,0.0204,0.3,9.0,1.5,16.801
4.0,80.0,0.15,0.02,0.026,0.33,0.225,0.0204,0.3,9.0,1.5,16.816
4.0,80.0,0.15,0.1,0.026,0.099,0.075,0.0204,0.1,9.0,1.5,16.817
4.0,80.0,0.75,0.06,0.026,0.033,0.075,0.0068,0.5,9.0,1.5,16.824
4.0,80.0,0.15,0.1,0.13,0.33,0.075,0.0068,0.3,9.0,1.5,16.845
4.0,80.0,0.15,0.02,0.026,0.165,0.075,0.0068,0.3,9.0,1.5,16.957
4.0,80.0,0.15,0.2,0.026,0.099,0.225,0.034,0.3,9.0,1.5,16.957
4.0,80.0,0.15,0.1,0.026,0.099,0.225,0.0204,0.1,9.0,1.5,16.961
4.0,80.0,0.45,0.1,0.078,0.033,0.075,0.0204,0.5,9.0,1.5,17.019
4.0,80.0,1.5,0.2,0.078,0.033,0.075,0.0068,0.3,9.0,1.5,17.056
4.0,80.0,0.15,0.2,0.13,0.033,0.075,0.068,0.3,9.0,1.5,17.093
4.0,80.0,0.15,0.06,0.078,0.033,0.225,0.068,0.3,9.0,1.5,17.162
4.0,80.0,0.15,0.1,0.13,0.099,0.075,0.0204,0.1,9.0,1.5,17.196
4.0,80.0,0.15,0.02,0.078,0.099,0.225,0.0204,0.3,9.0,1.5,17.204
4.0,80.0,0.15,0.06,0.13,0.33,0.075,0.0068,0.3,9.0,1.5,17.221
4.0,80.0,0.15,0.1,0.13,0.165,0.075,0.0068,0.1,9.0,1.5,17.274
4.0,80.0,0.45,0.06,0.026,0.165,0.075,0.0068,0.3,9.0,1.5,17.291
4.0,80.0,0.45,0.2,0.078,0.033,0.225,0.034,0.1,9.0,1.5,17.311
4.0,80.0,0.15,0.1,0.13,0.099,0.075,0.0068,0.3,9.0,1.5,17.321
4.0,80.0,0.15,0.1,0.026,0.099,0.225,0.068,0.3,9.0,1.5,17.348
4.0,80.0,0.45,0.06,0.026,0.33,0.075,0.0068,0.5,9.0,1.5,17.376
4.0,80.0,0.15,0.02,0.026,0.165,0.075,0.068,0.3,9.0,1.5,17.386
4.0,80.0,0.45,0.1,0.078,0.033,0.075,0.034,0.5,9.0,1.5,17.41
4.0,80.0,1.5,0.2,0.13,0.033,0.075,0.034,0.3,9.0,1.5,17.432
4.0,80.0,1.5,0.06,0.026,0.099,0.375,0.034,0.1,9.0,1.5,17.504
4.0,80.0,0.45,0.02,0.13,0.33,0.075,0.0204,0.1,9.0,1.5,17.574
4.0,80.0,0.15,0.02,0.026,0.099,0.225,0.068,0.1,9.0,1.5,17.639
4.0,80.0,1.5,0.02,0.26,0.033,0.075,0.0204,0.1,9.0,1.5,17.645
4.0,80.0,0.45,0.2,0.026,0.099,0.075,0.034,0.5,9.0,1.5,17.774
4.0,80.0,0.45,0.06,0.13,0.033,0.075,0.034,0.1,9.0,1.5,17.82
4.0,80.0,0.45,0.02,0.026,0.033,0.225,0.0204,0.1,9.0,1.5,17.84
4.0,80.0,0.45,0.06,0.13,0.033,0.075,0.034,0.5,9.0,1.5,17.868
4.0,80.0,0.15,0.1,0.026,0.099,0.075,0.068,0.3,9.0,1.5,17.917
4.0,80.0,0.15,0.02,0.026,0.099,0.075,0.0204,0.1,9.0,1.5,17.952
2.0,80.0,1.5,0.1,0.13,0.165,0.075,0.0068,0.1,9.0,1.5,18.023
4.0,80.0,0.45,0.02,0.078,0.033,0.225,0.034,0.1,9.0,1.5,18.142
4.0,80.0,0.15,0.02,0.078,0.099,0.075,0.0068,0.1,9.0,1.5,18.168
4.0,80.0,0.45,0.2,0.078,0.099,0.075,0.0204,0.5,9.0,1.5,18.186
4.0,80.0,0.15,0.02,0.026,0.099,0.225,0.068,0.3,9.0,1.5,18.238
4.0,80.0,1.5,0.2,0.078,0.033,0.075,0.068,0.3,9.0,1.5,18.397
4.0,80.0,0.15,0.02,0.078,0.33,0.075,0.0204,0.3,9.0,1.5,18.493
4.0,80.0,0.15,0.1,0.026,0.165,0.075,0.0204,0.3,9.0,1.5,18.572
4.0,80.0,0.45,0.1,0.13,0.099,0.075,0.0068,0.1,9.0,1.5,18.728
1.2,80.0,1.5,0.2,0.026,0.099,0.075,0.0068,0.1,9.0,1.5,18.886
4.0,80.0,0.45,0.06,0.13,0.099,0.075,0.068,0.1,9.0,1.5,18.901
4.0,80.0,1.5,0.2,0.13,0.165,0.375,0.0068,0.1,9.0,1.5,18.907
4.0,80.0,0.45,0.02,0.26,0.165,0.225,0.0204,0.1,9.0,1.5,18.93
4.0,80.0,0.15,0.06,0.026,0.099,0.225,0.0068,0.1,9.0,1.5,18.942
4.0,80.0,0.45,0.02,0.13,0.033,0.075,0.034,0.1,9.0,1.5,19.061
4.0,80.0,0.15,0.2,0.026,0.33,0.075,0.0204,0.3,9.0,1.5,19.079
4.0,80.0,0.15,0.2,0.078,0.33,0.075,0.034,0.1,9.0,1.5,19.1
4.0,80.0,0.45,0.02,0.13,0.165,0.075,0.0068,0.3,9.0,1.5,19.177
4.0,80.0,0.45,0.1,0.26,0.165,0.075,0.0204,0.1,9.0,1.5,19.19
4.0,80.0,1.5,0.1,0.078,0.165,0.375,0.0204,0.1,9.0,1.5,19.205
4.0,80.0,1.5,0.1,0.026,0.033,0.075,0.034,0.3,9.0,1.5,19.205
4.0,80.0,1.5,0.06,0.13,0.33,0.375,0.0204,0.1,9.0,1.5,19.24
4.0,80.0,0.45,0.1,0.026,0.033,0.375,0.034,0.1,9.0,1.5,19.266
4.0,80.0,0.75,0.1,0.078,0.165,0.075,0.0204,0.1,9.0,1.5,19.267
4.0,80.0,0.15,0.02,0.078,0.033,0.225,0.034,0.1,9.0,1.5,19.272
4.0,80.0,1.5,0.06,0.26,0.165,0.225,0.0204,0.1,9.0,1.5,19.275
4.0,80.0,0.15,0.06,0.026,0.165,0.075,0.068,0.3,9.0,1.5,19.293
4.0,80.0,0.15,0.02,0.026,0.165,0.075,0.034,0.1,9.0,1.5,19.346
4.0,80.0,0.45,0.1,0.078,0.033,0.075,0.0068,0.3,9.0,1.5,19.348
4.0,80.0,1.5,0.06,0.26,0.099,0.225,0.034,0.1,9.0,1.5,19.392
4.0,80.0,1.5,0.06,0.026,0.165,0.225,0.034,0.3,9.0,1.5,19.396
4.0,80.0,0.45,0.2,0.026,0.165,0.075,0.0204,0.1,9.0,1.5,19.425
4.0,80.0,0.45,0.06,0.026,0.033,0.225,0.0204,0.1,9.0,1.5,19.432
4.0,80.0,0.15,0.2,0.026,0.099,0.075,0.034,0.3,9.0,1.5,19.438
4.0,80.0,0.45,0.1,0.026,0.33,0.075,0.0068,0.1,9.0,1.5,19.458
4.0,80.0,1.5,0.06,0.13,0.33,0.375,0.034,0.1,9.0,1.5,19.469
4.0,80.0,0.15,0.02,0.078,0.165,0.075,0.034,0.3,9.0,1.5,19.521
4.0,80.0,0.45,0.02,0.026,0.033,0.225,0.0068,0.3,9.0,1.5,19.535
4.0,80.0,0.45,0.06,0.078,0.033,0.075,0.068,0.1,9.0,1.5,19.553
4.0,80.0,1.5,0.06,0.078,0.165,0.075,0.068,0.3,9.0,1.5,19.594
4.0,80.0,0.45,0.06,0.13,0.033,0.075,0.0068,0.1,9.0,1.5,19.619
4.0,80.0,0.15,0.2,0.026,0.099,0.075,0.0068,0.3,9.0,1.5,19.623
4.0,80.0,1.5,0.1,0.13,0.165,0.375,0.0204,0.1,9.0,1.5,19.639
4.0,80.0,0.45,0.06,0.026,0.033,0.225,0.034,0.3,9.0,1.5,19.658
4.0,80.0,0.45,0.02,0.078,0.033,0.225,0.0204,0.1,9.0,1.5,19.685
4.0,80.0,0.15,0.1,0.078,0.033,0.075,0.034,0.1,9.0,1.5,19.692
4.0,80.0,1.5,0.1,0.026,0.165,0.075,0.0068,0.3,9.0,1.5,19.711
4.0,80.0,1.5,0.02,0.078,0.33,0.375,0.0068,0.1,9.0,1.5,19.725
4.0,80.0,0.15,0.1,0.078,0.165,0.075,0.0068,0.1,9.0,1.5,19.736
4.0,80.0,1.5,0.1,0.13,0.099,0.225,0.034,0.1,9.0,1.5,19.752
4.0,80.0,1.5,0.06,0.078,0.099,0.375,0.0204,0.1,9.0,1.5,19.793
4.0,80.0,1.5,0.1,0.026,0.33,0.375,0.0204,0.1,9.0,1.5,19.832
4.0,80.0,1.5,0.1,0.26,0.099,0.225,0.034,0.1,9.0,1.5,19.876
4.0,80.0,0.75,0.2,0.078,0.165,0.075,0.0068,0.3,9.0,1.5,19.88
4.0,80.0,0.45,0.06,0.026,0.033,0.225,0.0068,0.1,9.0,1.5,19.936
2.0,80.0,1.5,0.06,0.026,0.033,0.075,0.068,0.1,9.0,1.5,19.943
4.0,80.0,1.5,0.06,0.26,0.33,0.225,0.0204,0.1,9.0,1.5,19.952
4.0,80.0,1.5,0.06,0.26,0.099,0.075,0.034,0.1,9.0,1.5,19.988
4.0,80.0,0.45,0.2,0.13,0.033,0.075,0.0204,0.3,9.0,1.5,20.054
4.0,80.0,1.5,0.1,0.26,0.165,0.225,0.034,0.1,9.0,1.5,20.056
4.0,80.0,0.45,0.02,0.13,0.165,0.375,0.034,0.1,9.0,1.5,20.088
4.0,80.0,0.45,0.1,0.026,0.033,0.075,0.034,0.1,9.0,1.5,20.123
4.0,80.0,0.45,0.02,0.13,0.165,0.075,0.0204,0.1,9.0,1.5,20.144
4.0,80.0,0.45,0.02,0.026,0.099,0.075,0.0068,0.3,9.0,1.5,20.171
4.0,80.0,0.45,0.2,0.026,0.33,0.075,0.068,0.1,9.0,1.5,20.175
4.0,80.0,0.45,0.06,0.078,0.165,0.075,0.0204,0.3,9.0,1.5,20.227
2.0,80.0,1.5,0.06,0.078,0.165,0.075,0.0068,0.1,9.0,1.5,20.268
4.0,80.0,0.45,0.1,0.078,0.099,0.075,0.0068,0.1,9.0,1.5,20.371
2.0,80.0,1.5,0.06,0.026,0.33,0.075,0.068,0.1,9.0,1.5,20.389
4.0,80.0,0.45,0.1,0.026,0.165,0.075,0.068,0.1,9.0,1.5,20.399
4.0,80.0,0.45,0.2,0.026,0.033,0.075,0.0204,0.1,9.0,1.5,20.415
4.0,80.0,0.45,0.06,0.026,0.099,0.225,0.0068,0.3,9.0,1.5,20.439
4.0,80.0,0.45,0.1,0.078,0.099,0.075,0.068,0.1,9.0,1.5,20.448
4.0,80.0,1.5,0.02,0.078,0.165,0.375,0.0068,0.1,9.0,1.5,20.461
4.0,80.0,0.45,0.06,0.13,0.033,0.075,0.068,0.3,9.0,1.5,20.471
4.0,80.0,0.45,0.02,0.078,0.165,0.225,0.034,0.1,9.0,1.5,20.49
2.0,80.0,1.5,0.2,0.026,0.099,0.075,0.0204,0.1,9.0,1.5,20.498
2.0,80.0,1.5,0.1,0.026,0.33,0.075,0.034,0.1,9.0,1.5,20.525
4.0,80.0,0.15,0.06,0.026,0.099,0.225,0.0204,0.3,9.0,1.5,20.54
4.0,80.0,0.45,0.1,0.026,0.033,0.075,0.0204,0.3,9.0,1.5,20.554
2.0,80.0,1.5,0.2,0.026,0.099,0.225,0.0204,0.1,9.0,1.5,20.598
4.0,80.0,0.15,0.06,0.026,0.099,0.075,0.034,0.3,9.0,1.5,20.607
4.0,80.0,0.45,0.2,0.13,0.099,0.075,0.034,0.1,9.0,1.5,20.632
4.0,80.0,0.45,0.06,0.078,0.165,0.225,0.068,0.1,9.0,1.5,20.706
4.0,80.0,1.5,0.1,0.26,0.099,0.075,0.034,0.1,9.0,1.5,20.733
4.0,80.0,1.5,0.2,0.026,0.165,0.225,0.0068,0.1,9.0,1.5,20.769
4.0,80.0,0.75,0.1,0.026,0.099,0.075,0.034,0.3,9.0,1.5,20.771
4.0,80.0,0.45,0.1,0.13,0.099,0.075,0.0204,0.1,9.0,1.5,20.781
4.0,80.0,1.5,0.1,0.13,0.033,0.225,0.068,0.1,9.0,1.5,20.805
4.0,80.0,0.45,0.02,0.13,0.165,0.075,0.034,0.1,9.0,1.5,20.805
4.0,80.0,0.15,0.02,0.026,0.33,0.075,0.034,0.1,9.0,1.5,20.87
4.0,80.0,0.45,0.1,0.026,0.165,0.225,0.0068,0.1,9.0,1.5,20.889
4.0,80.0,1.5,0.2,0.026,0.033,0.075,0.0068,0.3,9.0,1.5,20.894
4.0,80.0,0.15,0.2,0.026,0.033,0.075,0.0204,0.3,9.0,1.5,20.901
4.0,80.0,0.45,0.1,0.078,0.099,0.225,0.068,0.1,9.0,1.5,20.906
4.0,80.0,0.15,0.1,0.078,0.033,0.075,0.068,0.1,9.0,1.5,20.944
4.0,80.0,0.45,0.2,0.13,0.165,0.075,0.0068,0.1,9.0,1.5,20.972
4.0,80.0,1.5,0.2,0.13,0.099,0.225,0.034,0.1,9.0,1.5,20.989
4.0,80.0,0.45,0.02,0.078,0.33,0.075,0.0068,0.1,9.0,1.5,21.028
4.0,80.0,0.45,0.06,0.078,0.33,0.075,0.068,0.3,9.0,1.5,21.04
4.0,80.0,0.15,0.02,0.078,0.165,0.075,0.0204,0.1,9.0,1.5,21.071
4.0,80.0,0.15,0.1,0.026,0.33,0.075,0.034,0.1,9.0,1.5,21.088
4.0,80.0,0.15,0.2,0.078,0.033,0.075,0.034,0.3,9.0,1.5,21.097
4.0,80.0,0.45,0.1,0.078,0.165,0.075,0.0204,0.1,9.0,1.5,21.104
4.0,80.0,1.5,0.02,0.13,0.099,0.375,0.0068,0.1,9.0,1.5,21.163
4.0,80.0,1.5,0.02,0.13,0.099,0.225,0.0204,0.1,9.0,1.5,21.181
4.0,80.0,0.15,0.06,0.078,0.099,0.075,0.068,0.1,9.0,1.5,21.183
4.0,80.0,1.5,0.2,0.026,0.33,0.375,0.0204,0.1,9.0,1.5,21.215
4.0,80.0,0.45,0.02,0.13,0.099,0.075,0.068,0.3,9.0,1.5,21.244
4.0,80.0,0.45,0.2,0.078,0.099,0.075,0.0204,0.1,9.0,1.5,21.255
4.0,80.0,0.45,0.06,0.13,0.165,0.075,0.0204,0.3,9.0,1.5,21.257
4.0,80.0,0.45,0.06,0.026,0.165,0.075,0.034,0.1,9.0,1.5,21.258
4.0,80.0,0.45,0.06,0.13,0.33,0.075,0.0068,0.1,9.0,1.5,21.271
4.0,80.0,1.5,0.02,0.078,0.099,0.375,0.0204,0.1,9.0,1.5,21.28
4.0,80.0,1.5,0.1,0.078,0.033,0.225,0.0204,0.1,9.0,1.5,21.281
4.0,80.0,1.5,0.2,0.26,0.099,0.075,0.0204,0.1,9.0,1.5,21.296
4.0,80.0,0.45,0.02,0.026,0.165,0.225,0.068,0.1,9.0,1.5,21.308
4.0,80.0,1.5,0.1,0.13,0.165,0.075,0.034,0.3,9.0,1.5,21.308
4.0,80.0,1.5,0.02,0.078,0.099,0.225,0.0204,0.1,9.0,1.5,21.324
4.0,80.0,0.15,0.06,0.026,0.165,0.075,0.0068,0.1,9.0,1.5,21.345
4.0,80.0,1.5,0.2,0.078,0.033,0.225,0.068,0.1,9.0,1.5,21.392
4.0,80.0,0.75,0.2,0.13,0.165,0.225,0.034,0.1,9.0,1.5,21.423
4.0,80.0,0.75,0.1,0.078,0.165,0.075,0.068,0.1,9.0,1.5,21.443
4.0,80.0,0.45,0.1,0.026,0.033,0.075,0.0204,0.1,9.0,1.5,21.444
4.0,80.0,1.5,0.06,0.078,0.099,0.075,0.068,0.1,9.0,1.5,21.456
4.0,80.0,0.15,0.06,0.13,0.099,0.075,0.0204,0.3,9.0,1.5,21.463
4.0,80.0,0.45,0.2,0.078,0.033,0.075,0.068,0.1,9.0,1.5,21.476
4.0,80.0,1.5,0.1,0.078,0.33,0.225,0.0068,0.1,9.0,1.5,21.496
4.0,80.0,0.15,0.06,0.078,0.165,0.075,0.068,0.1,9.0,1.5,21.504
4.0,80.0,0.45,0.06,0.026,0.33,0.075,0.0068,0.1,9.0,1.5,21.504
4.0,80.0,1.5,0.06,0.026,0.099,0.225,0.034,0.1,9.0,1.5,21.525
4.0,80.0,1.5,0.2,0.078,0.33,0.225,0.0204,0.1,9.0,1.5,21.529
4.0,80.0,0.45,0.06,0.078,0.33,0.075,0.034,0.3,9.0,1.5,21.546
4.0,80.0,0.75,0.06,0.078,0.165,0.075,0.068,0.1,9.0,1.5,21.594
2.0,80.0,1.5,0.06,0.026,0.033,0.075,0.034,0.1,9.0,1.5,21.601
4.0,80.0,1.5,0.2,0.26,0.165,0.075,0.068,0.1,9.0,1.5,21.608
4.0,80.0,0.75,0.02,0.078,0.033,0.225,0.0068,0.1,9.0,1.5,21.629
4.0,80.0,0.75,0.02,0.078,0.099,0.075,0.068,0.3,9.0,1.5,21.636
4.0,80.0,0.45,0.2,0.026,0.165,0.225,0.034,0.1,9.0,1.5,21.672
4.0,80.0,0.15,0.02,0.026,0.099,0.075,0.034,0.3,9.0,1.5,21.699
4.0,80.0,0.75,0.2,0.026,0.165,0.225,0.0068,0.1,9.0,1.5,21.716
4.0,80.0,1.5,0.2,0.078,0.33,0.375,0.0204,0.1,9.0,1.5,21.736
4.0,80.0,0.75,0.1,0.026,0.033,0.075,0.0068,0.1,9.0,1.5,21.738
4.0,80.0,0.75,0.06,0.078,0.165,0.375,0.034,0.1,9.0,1.5,21.755
4.0,80.0,1.5,0.06,0.026,0.033,0.375,0.0068,0.1,9.0,1.5,21.761
4.0,80.0,0.75,0.02,0.26,0.33,0.075,0.0204,0.1,9.0,1.5,21.762
4.0,80.0,0.45,0.2,0.078,0.033,0.075,0.0204,0.3,9.0,1.5,21.818
2.0,80.0,1.5,0.1,0.026,0.033,0.075,0.0068,0.1,9.0,1.5,21.826
4.0,80.0,1.5,0.1,0.13,0.165,0.075,0.0068,0.3,9.0,1.5,21.862
4.0,80.0,1.5,0.02,0.078,0.099,0.375,0.0068,0.1,9.0,1.5,21.917
4.0,80.0,1.5,0.02,0.026,0.33,0.075,0.0204,0.1,9.0,1.5,21.941
4.0,80.0,0.75,0.1,0.026,0.165,0.075,0.068,0.3,9.0,1.5,21.95
4.0,80.0,1.5,0.1,0.026,0.099,0.375,0.0068,0.1,9.0,1.5,21.96
4.0,80.0,1.5,0.1,0.078,0.099,0.075,0.0204,0.3,9.0,1.5,21.985
4.0,80.0,0.75,0.1,0.026,0.165,0.075,0.0068,0.3,9.0,1.5,21.99
4.0,80.0,0.75,0.2,0.078,0.165,0.375,0.0204,0.1,9.0,1.5,22.072
4.0,80.0,1.5,0.02,0.13,0.099,0.375,0.0204,0.1,9.0,1.5,22.113
4.0,80.0,1.5,0.02,0.026,0.099,0.225,0.068,0.1,9.0,1.5,22.126
4.0,80.0,1.5,0.2,0.026,0.165,0.225,0.034,0.1,9.0,1.5,22.128
4.0,80.0,1.5,0.06,0.026,0.099,0.375,0.068,0.1,9.0,1.5,22.167
4.0,80.0,0.75,0.02,0.026,0.033,0.075,0.0068,0.1,9.0,1.5,22.174
4.0,80.0,1.5,0.1,0.026,0.099,0.375,0.068,0.1,9.0,1.5,22.188
4.0,80.0,0.45,0.02,0.026,0.099,0.075,0.0068,0.1,9.0,1.5,22.24
2.0,80.0,1.5,0.1,0.026,0.033,0.075,0.0204,0.1,9.0,1.5,22.248
4.0,80.0,1.5,0.2,0.078,0.165,0.075,0.0068,0.1,9.0,1.5,22.252
4.0,80.0,0.75,0.02,0.026,0.165,0.075,0.0068,0.1,9.0,1.5,22.258
4.0,80.0,1.5,0.02,0.13,0.033,0.225,0.0068,0.1,9.0,1.5,22.265
4.0,80.0,0.75,0.1,0.026,0.165,0.375,0.0204,0.1,9.0,1.5,22.277
4.0,80.0,1.5,0.1,0.026,0.099,0.075,0.068,0.1,9.0,1.5,22.287
4.0,80.0,1.5,0.2,0.026,0.165,0.225,0.068,0.1,9.0,1.5,22.292
4.0,80.0,0.45,0.06,0.026,0.099,0.075,0.034,0.1,9.0,1.5,22.3
4.0,80.0,0.75,0.2,0.078,0.099,0.225,0.0068,0.1,9.0,1.5,22.318
4.0,80.0,0.75,0.1,0.13,0.165,0.225,0.0204,0.1,9.0,1.5,22.337
4.0,80.0,1.5,0.1,0.026,0.33,0.225,0.0204,0.1,9.0,1.5,22.341
4.0,80.0,0.75,0.2,0.13,0.033,0.225,0.034,0.1,9.0,1.5,22.364
4.0,80.0,1.5,0.02,0.078,0.33,0.225,0.034,0.1,9.0,1.5,22.414
4.0,80.0,0.75,0.06,0.026,0.033,0.225,0.034,0.1,9.0,1.5,22.451
4.0,80.0,0.75,0.02,0.026,0.165,0.075,0.0068,0.3,9.0,1.5,22.497
4.0,80.0,0.75,0.02,0.13,0.099,0.375,0.0204,0.1,9.0,1.5,22.501
4.0,80.0,0.75,0.06,0.026,0.165,0.225,0.0068,0.1,9.0,1.5,22.518
4.0,80.0,0.75,0.1,0.026,0.099,0.075,0.0204,0.3,9.0,1.5,22.537
4.0,80.0,1.5,0.2,0.13,0.165,0.075,0.0204,0.1,9.0,1.5,22.552
4.0,80.0,1.5,0.06,0.026,0.33,0.225,0.0068,0.1,9.0,1.5,22.616
4.0,80.0,1.5,0.2,0.078,0.099,0.375,0.034,0.1,9.0,1.5,22.616
4.0,80.0,0.45,0.06,0.13,0.33,0.075,0.034,0.1,9.0,1.5,22.637
4.0,80.0,0.75,0.06,0.13,0.099,0.225,0.034,0.1,9.0,1.5,22.652
4.0,80.0,1.5,0.06,0.13,0.33,0.225,0.0204,0.1,9.0,1.5,22.652
4.0,80.0,0.75,0.06,0.078,0.033,0.225,0.0068,0.1,9.0,1.5,22.69
4.0,80.0,0.75,0.2,0.026,0.033,0.075,0.0068,0.1,9.0,1.5,22.693
4.0,80.0,1.5,0.02,0.13,0.099,0.075,0.0068,0.1,9.0,1.5,22.71
4.0,80.0,0.75,0.1,0.078,0.33,0.225,0.0204,0.1,9.0,1.5,22.728
4.0,80.0,1.5,0.02,0.13,0.099,0.225,0.0068,0.1,9.0,1.5,22.741
4.0,80.0,1.5,0.2,0.078,0.099,0.375,0.0204,0.1,9.0,1.5,22.755
4.0,80.0,1.5,0.2,0.078,0.099,0.075,0.0204,0.3,9.0,1.5,22.76
4.0,80.0,0.45,0.02,0.078,0.165,0.075,0.0068,0.1,9.0,1.5,22.771
4.0,80.0,0.75,0.06,0.026,0.165,0.075,0.068,0.1,9.0,1.5,22.781
4.0,80.0,1.5,0.1,0.026,0.165,0.225,0.0068,0.1,9.0,1.5,22.782
4.0,80.0,1.5,0.06,0.026,0.165,0.075,0.034,0.1,9.0,1.5,22.8
4.0,80.0,1.5,0.2,0.026,0.099,0.375,0.0204,0.1,9.0,1.5,22.815
4.0,80.0,0.75,0.06,0.13,0.165,0.075,0.068,0.1,9.0,1.5,22.842
4.0,80.0,0.75,0.2,0.078,0.033,0.375,0.0204,0.1,9.0,1.5,22.861
4.0,80.0,0.45,0.06,0.13,0.165,0.075,0.068,0.1,9.0,1.5,22.884
4.0,80.0,1.5,0.02,0.078,0.099,0.225,0.0068,0.1,9.0,1.5,22.929
4.0,80.0,1.5,0.2,0.026,0.165,0.375,0.034,0.1,9.0,1.5,22.93
4.0,80.0,1.5,0.02,0.026,0.099,0.075,0.0204,0.1,9.0,1.5,22.955
4.0,80.0,1.5,0.06,0.026,0.33,0.225,0.068,0.1,9.0,1.5,22.969
4.0,80.0,1.5,0.06,0.13,0.033,0.075,0.0068,0.1,9.0,1.5,22.995
4.0,80.0,1.5,0.02,0.026,0.033,0.225,0.0204,0.1,9.0,1.5,23.002
4.0,80.0,0.75,0.2,0.13,0.099,0.225,0.0204,0.1,9.0,1.5,23.025
4.0,80.0,0.75,0.06,0.026,0.099,0.075,0.0204,0.1,9.0,1.5,23.039
4.0,80.0,1.5,0.1,0.026,0.33,0.075,0.0204,0.1,9.0,1.5,23.05
4.0,80.0,0.75,0.2,0.026,0.099,0.075,0.068,0.3,9.0,1.5,23.068
4.0,80.0,0.75,0.1,0.13,0.099,0.075,0.0204,0.1,9.0,1.5,23.076
4.0,80.0,1.5,0.1,0.026,0.165,0.225,0.0204,0.1,9.0,1.5,23.081
4.0,80.0,1.5,0.1,0.026,0.099,0.225,0.0204,0.1,9.0,1.5,23.103
4.0,80.0,0.75,0.1,0.078,0.099,0.075,0.0068,0.1,9.0,1.5,23.13
4.0,80.0,1.5,0.2,0.026,0.165,0.375,0.0068,0.1,9.0,1.5,23.13
4.0,80.0,0.75,0.2,0.026,0.033,0.075,0.034,0.1,9.0,1.5,23.158
4.0,80.0,1.5,0.02,0.026,0.165,0.075,0.034,0.1,9.0,1.5,23.164
4.0,80.0,0.75,0.02,0.13,0.33,0.075,0.068,0.1,9.0,1.5,23.179
4.0,80.0,1.5,0.1,0.026,0.33,0.225,0.068,0.1,9.0,1.5,23.193
4.0,80.0,0.75,0.1,0.078,0.033,0.375,0.0068,0.1,9.0,1.5,23.197
4.0,80.0,1.5,0.02,0.078,0.099,0.075,0.0068,0.1,9.0,1.5,23.221
4.0,80.0,1.5,0.06,0.026,0.165,0.225,0.0068,0.1,9.0,1.5,23.263
4.0,80.0,0.75,0.02,0.078,0.165,0.375,0.0204,0.1,9.0,1.5,23.285
4.0,80.0,1.5,0.06,0.026,0.099,0.075,0.0204,0.1,9.0,1.5,23.313
4.0,80.0,1.5,0.1,0.13,0.099,0.075,0.0204,0.3,9.0,1.5,23.37
4.0,80.0,0.75,0.2,0.078,0.033,0.075,0.0204,0.1,9.0,1.5,23.376
4.0,80.0,0.75,0.02,0.026,0.165,0.075,0.034,0.1,9.0,1.5,23.389
4.0,80.0,0.75,0.1,0.078,0.33,0.075,0.034,0.1,9.0,1.5,23.482
4.0,80.0,0.75,0.02,0.026,0.099,0.225,0.0204,0.1,9.0,1.5,23.568
4.0,80.0,0.75,0.1,0.13,0.33,0.075,0.0068,0.1,9.0,1.5,23.588
4.0,80.0,0.75,0.06,0.026,0.165,0.375,0.0204,0.1,9.0,1.5,23.597
4.0,80.0,1.5,0.02,0.26,0.33,0.075,0.0204,0.1,9.0,1.5,23.624
4.0,80.0,0.75,0.02,0.026,0.033,0.375,0.0204,0.1,9.0,1.5,23.635
4.0,80.0,0.75,0.02,0.078,0.099,0.075,0.0204,0.1,9.0,1.5,23.741
4.0,80.0,1.5,0.1,0.026,0.165,0.375,0.068,0.1,9.0,1.5,23.809
4.0,80.0,0.75,0.1,0.026,0.33,0.075,0.0068,0.1,9.0,1.5,23.832
4.0,80.0,1.5,0.1,0.078,0.165,0.375,0.034,0.1,9.0,1.5,23.906
4.0,80.0,0.75,0.1,0.026,0.33,0.225,0.034,0.1,9.0,1.5,23.984
4.0,80.0,1.5,0.02,0.26,0.165,0.225,0.0068,0.1,9.0,1.5,24.087
4.0,80.0,0.75,0.02,0.078,0.033,0.075,0.034,0.1,9.0,1.5,24.1
4.0,80.0,1.5,0.06,0.078,0.099,0.225,0.034,0.1,9.0,1.5,24.1
4.0,80.0,1.5,0.06,0.078,0.099,0.075,0.0204,0.1,9.0,1.5,24.122
4.0,80.0,1.5,0.2,0.078,0.033,0.375,0.0068,0.1,9.0,1.5,24.178
4.0,80.0,1.5,0.02,0.026,0.165,0.375,0.068,0.1,9.0,1.5,24.18
4.0,80.0,0.75,0.02,0.078,0.165,0.075,0.0068,0.1,9.0,1.5,24.212
4.0,80.0,1.5,0.2,0.078,0.099,0.075,0.0068,0.3,9.0,1.5,24.222
4.0,80.0,1.5,0.02,0.026,0.033,0.075,0.034,0.1,9.0,1.5,24.297
4.0,80.0,1.5,0.06,0.13,0.165,0.075,0.068,0.1,9.0,1.5,24.349
4.0,80.0,1.5,0.02,0.13,0.165,0.075,0.034,0.1,9.0,1.5,24.349
4.0,80.0,1.5,0.1,0.078,0.099,0.375,0.034,0.1,9.0,1.5,24.363
4.0,80.0,1.5,0.02,0.026,0.165,0.075,0.0068,0.1,9.0,1.5,24.398
4.0,80.0,0.75,0.2,0.026,0.033,0.375,0.034,0.1,9.0,1.5,24.424
4.0,80.0,0.75,0.02,0.026,0.165,0.225,0.034,0.1,9.0,1.5,24.431
4.0,80.0,1.5,0.02,0.078,0.165,0.075,0.034,0.1,9.0,1.5,24.464
4.0,80.0,1.5,0.1,0.026,0.033,0.075,0.0068,0.1,9.0,1.5,24.503
4.0,80.0,1.5,0.2,0.026,0.033,0.375,0.034,0.1,9.0,1.5,24.545
4.0,80.0,1.5,0.06,0.078,0.33,0.075,0.068,0.1,9.0,1.5,24.572
4.0,80.0,1.5,0.02,0.026,0.33,0.375,0.034,0.1,9.0,1.5,24.593
4.0,80.0,1.5,0.06,0.078,0.099,0.375,0.034,0.1,9.0,1.5,24.599
4.0,80.0,1.5,0.02,0.078,0.33,0.075,0.068,0.1,9.0,1.5,24.614
4.0,80.0,1.5,0.2,0.026,0.165,0.075,0.068,0.1,9.0,1.5,24.633
4.0,80.0,1.5,0.1,0.26,0.033,0.075,0.0204,0.1,9.0,1.5,24.718
4.0,80.0,1.5,0.1,0.026,0.099,0.225,0.0068,0.1,9.0,1.5,24.729
4.0,80.0,0.75,0.02,0.026,0.033,0.075,0.034,0.1,9.0,1.5,24.748
4.0,80.0,1.5,0.06,0.13,0.33,0.075,0.034,0.1,9.0,1.5,24.763
4.0,80.0,1.5,0.02,0.13,0.165,0.075,0.068,0.1,9.0,1.5,24.77
4.0,80.0,1.5,0.06,0.13,0.099,0.225,0.0204,0.1,9.0,1.5,24.811
4.0,80.0,1.5,0.02,0.13,0.33,0.075,0.034,0.1,9.0,1.5,24.854
4.0,80.0,1.5,0.1,0.13,0.33,0.225,0.034,0.1,9.0,1.5,24.856
4.0,80.0,0.75,0.2,0.078,0.165,0.075,0.0204,0.1,9.0,1.5,24.873
4.0,80.0,1.5,0.1,0.13,0.33,0.075,0.068,0.1,9.0,1.5,24.909
4.0,80.0,1.5,0.1,0.078,0.099,0.225,0.068,0.1,9.0,1.5,24.921
4.0,80.0,1.5,0.06,0.078,0.099,0.225,0.068,0.1,9.0,1.5,24.938
4.0,80.0,0.75,0.02,0.078,0.099,0.225,0.0068,0.1,9.0,1.5,24.951
4.0,80.0,1.5,0.1,0.078,0.165,0.075,0.0204,0.1,9.0,1.5,24.956
4.0,80.0,0.75,0.1,0.026,0.33,0.075,0.034,0.1,9.0,1.5,24.969
4.0,80.0,1.5,0.06,0.13,0.33,0.075,0.0204,0.1,9.0,1.5,24.976
4.0,80.0,1.5,0.1,0.078,0.165,0.225,0.0204,0.1,9.0,1.5,25.072
4.0,80.0,1.5,0.02,0.026,0.33,0.225,0.034,0.1,9.0,1.5,25.078
4.0,80.0,1.5,0.06,0.26,0.033,0.075,0.034,0.1,9.0,1.5,25.096
4.0,80.0,1.5,0.2,0.078,0.33,0.075,0.0068,0.1,9.0,1.5,25.193
4.0,80.0,1.5,0.1,0.26,0.033,0.075,0.0068,0.1,9.0,1.5,25.231
4.0,80.0,0.75,0.02,0.078,0.165,0.075,0.068,0.1,9.0,1.5,25.241
4.0,80.0,1.5,0.1,0.026,0.165,0.075,0.034,0.1,9.0,1.5,25.243
4.0,80.0,1.5,0.1,0.13,0.33,0.075,0.0068,0.1,9.0,1.5,25.25
4.0,80.0,1.5,0.06,0.13,0.33,0.075,0.068,0.1,9.0,1.5,25.275
4.0,80.0,1.5,0.1,0.13,0.033,0.375,0.0204,0.1,9.0,1.5,25.348
4.0,80.0,0.75,0.02,0.13,0.033,0.375,0.0204,0.1,9.0,1.5,25.358
4.0,80.0,1.5,0.2,0.026,0.099,0.075,0.068,0.1,9.0,1.5,25.376
4.0,80.0,1.5,0.2,0.078,0.099,0.225,0.068,0.1,9.0,1.5,25.409
4.0,80.0,1.5,0.02,0.078,0.33,0.075,0.0068,0.1,9.0,1.5,25.425
4.0,80.0,0.75,0.1,0.078,0.33,0.075,0.0068,0.1,9.0,1.5,25.519
4.0,80.0,1.5,0.06,0.078,0.165,0.075,0.068,0.1,9.0,1.5,25.664
4.0,80.0,0.75,0.02,0.026,0.165,0.225,0.0204,0.1,9.0,1.5,25.753
4.0,80.0,1.5,0.06,0.026,0.165,0.375,0.034,0.1,9.0,1.5,25.89
4.0,80.0,0.75,0.02,0.26,0.099,0.075,0.0204,0.1,9.0,1.5,25.958
4.0,80.0,1.5,0.1,0.026,0.033,0.075,0.068,0.1,9.0,1.5,25.993
4.0,80.0,0.75,0.06,0.13,0.165,0.075,0.0068,0.1,9.0,1.5,26.015
4.0,80.0,1.5,0.2,0.078,0.33,0.075,0.0204,0.1,9.0,1.5,26.027
4.0,80.0,0.75,0.1,0.13,0.165,0.075,0.0204,0.1,9.0,1.5,26.028
4.0,80.0,0.75,0.2,0.078,0.033,0.225,0.034,0.1,9.0,1.5,26.159
4.0,80.0,0.45,0.02,0.078,0.099,0.075,0.0068,0.1,9.0,1.5,26.163
4.0,80.0,0.75,0.2,0.078,0.099,0.075,0.068,0.1,9.0,1.5,26.324
4.0,80.0,0.75,0.2,0.078,0.033,0.075,0.0068,0.1,9.0,1.5,26.437
4.0,80.0,0.75,0.1,0.13,0.165,0.225,0.034,0.1,9.0,1.5,26.438
4.0,80.0,1.5,0.2,0.078,0.165,0.225,0.0068,0.1,9.0,1.5,26.481
4.0,80.0,0.75,0.1,0.078,0.099,0.225,0.034,0.1,9.0,1.5,26.495
4.0,80.0,0.75,0.2,0.026,0.099,0.075,0.034,0.1,9.0,1.5,26.532
4.0,80.0,1.5,0.02,0.026,0.099,0.225,0.0068,0.1,9.0,1.5,26.547
4.0,80.0,1.5,0.02,0.078,0.33,0.225,0.0204,0.1,9.0,1.5,26.547
4.0,80.0,1.5,0.06,0.078,0.33,0.075,0.034,0.1,9.0,1.5,26.628
4.0,80.0,1.5,0.1,0.026,0.33,0.075,0.0068,0.1,9.0,1.5,26.628
4.0,80.0,0.75,0.02,0.078,0.165,0.225,0.0204,0.1,9.0,1.5,26.642
4.0,80.0,1.5,0.2,0.026,0.033,0.075,0.068,0.1,9.0,1.5,26.669
4.0,80.0,1.5,0.2,0.026,0.165,0.225,0.0204,0.1,9.0,1.5,26.728
4.0,80.0,0.75,0.06,0.078,0.033,0.075,0.0204,0.1,9.0,1.5,26.745
4.0,80.0,0.75,0.06,0.026,0.165,0.075,0.0204,0.1,9.0,1.5,26.758
4.0,80.0,1.5,0.2,0.026,0.33,0.225,0.0068,0.1,9.0,1.5,26.835
4.0,80.0,1.5,0.2,0.026,0.033,0.075,0.034,0.1,9.0,1.5,26.844
4.0,80.0,0.75,0.1,0.026,0.099,0.075,0.0068,0.1,9.0,1.5,26.946
4.0,80.0,0.75,0.02,0.078,0.165,0.075,0.034,0.1,9.0,1.5,27.052
4.0,80.0,1.5,0.02,0.078,0.165,0.075,0.068,0.1,9.0,1.5,27.073
4.0,80.0,1.5,0.02,0.026,0.033,0.225,0.034,0.1,9.0,1.5,27.133
4.0,80.0,0.75,0.2,0.026,0.033,0.375,0.0068,0.1,9.0,1.5,27.174
4.0,80.0,1.5,0.2,0.078,0.099,0.075,0.0204,0.1,9.0,1.5,27.213
4.0,80.0,0.75,0.02,0.26,0.165,0.075,0.034,0.1,9.0,1.5,27.291
4.0,80.0,1.5,0.02,0.026,0.165,0.225,0.0204,0.1,9.0,1.5,27.312
4.0,80.0,1.5,0.1,0.078,0.33,0.075,0.0204,0.1,9.0,1.5,27.312
4.0,80.0,0.75,0.02,0.026,0.165,0.075,0.0204,0.1,9.0,1.5,27.339
4.0,80.0,0.75,0.1,0.078,0.33,0.075,0.0204,0.1,9.0,1.5,27.385
4.0,80.0,1.5,0.06,0.13,0.033,0.075,0.068,0.1,9.0,1.5,27.388
4.0,80.0,0.75,0.06,0.13,0.33,0.075,0.0204,0.1,9.0,1.5,27.747
4.0,80.0,0.75,0.2,0.13,0.099,0.075,0.0204,0.1,9.0,1.5,27.889
4.0,80.0,1.5,0.02,0.026,0.099,0.225,0.034,0.1,9.0,1.5,27.906
4.0,80.0,0.75,0.2,0.078,0.099,0.075,0.0068,0.1,9.0,1.5,28.325
4.0,80.0,0.75,0.2,0.026,0.099,0.075,0.0068,0.1,9.0,1.5,28.502
4.0,80.0,1.5,0.1,0.026,0.033,0.225,0.034,0.1,9.0,1.5,28.568
4.0,80.0,1.5,0.2,0.078,0.165,0.075,0.0204,0.1,9.0,1.5,28.614
4.0,80.0,1.5,0.2,0.026,0.33,0.075,0.0068,0.1,9.0,1.5,28.709
4.0,80.0,1.5,0.06,0.078,0.165,0.075,0.0068,0.1,9.0,1.5,29.03
4.0,80.0,1.5,0.06,0.13,0.033,0.075,0.034,0.1,9.0,1.5,29.184
4.0,80.0,1.5,0.2,0.026,0.099,0.075,0.034,0.1,9.0,1.5,29.309
4.0,80.0,0.75,0.2,0.026,0.165,0.075,0.068,0.1,9.0,1.5,29.389
4.0,80.0,1.5,0.06,0.026,0.033,0.075,0.034,0.1,9.0,1.5,29.539
4.0,80.0,1.5,0.06,0.078,0.165,0.075,0.0204,0.1,9.0,1.5,29.744
4.0,80.0,1.5,0.1,0.026,0.099,0.075,0.0068,0.1,9.0,1.5,29.779
4.0,80.0,1.5,0.06,0.078,0.033,0.075,0.0204,0.1,9.0,1.5,30.081
4.0,80.0,1.5,0.1,0.026,0.099,0.075,0.034,0.1,9.0,1.5,32.983
4.0,80.0,1.5,0.06,0.026,0.165,0.075,0.068,0.1,9.0,1.5,33.927
